BIN,Accident Report ID,Incident Date,Record Type Description,Check2 Description,Fatality,Injury,House Number,Street Name,Borough,Block,Lot,Postcode,Latitude,Longitude,Community Board,Council District,BBL,Census Tract (2020),Neighborhood Tabulation Area (NTA) (2020)
3429452,43870,10/23/2024,Accident,Other Construction Related,0,1,548,UTICA AVENUE,Brooklyn,4603,1,11203,40.659935,-73.931266,309,41,3046030001,878,BK1703
1077363,43887,10/26/2024,Accident,Material Failure (Fell),0,1,712,5 AVENUE,Manhattan,1271,38,10019,40.762495,-73.975193,105,04,1012710038,104,MN0502
3322003,43883,10/25/2024,Accident,Other Construction Related,0,1,2926,WEST 25 STREET,Brooklyn,7052,14,11224,40.575048,-73.992063,313,47,3070530014,342,BK1302
4433860,43892,10/28/2024,Accident,Worker Fell,0,1,104-20,QUEENS BOULEVARD,Queens,3175,1,11375,40.72378,-73.848991,406,29,4031750001,71305,QN0602
4047330,43891,10/28/2024,Accident,Worker Fell,0,1,98-25,HORACE HARDING EXPRESSWAY,Queens,1918,90,11368,40.735687,-73.859814,404,21,4019180090,455,QN0402
1012154,43890,10/28/2024,Accident,Material Failure (Fell),0,1,90,GANSEVOORT STREET,Manhattan,643,1,10014,40.73937,-74.008776,102,03,1006430001,79,MN0203
1085694,43896,10/29/2024,Accident,Worker Fell,0,1,540,1 AVENUE,Manhattan,962,108,10016,40.742066,-73.974757,106,04,1009620108,62,MN0603
1089192,43899,10/30/2024,Accident,Worker Fell,0,1,375,WEST 207 STREET,Manhattan,2188,1,10034,40.863599,-73.916537,112,10,1021880001,299,MN1203
4623962,42663,01/08/2024,Accident,Worker Fell,0,1,88-06,161 STREET,Queens,9764,63,11432,40.707847,-73.800871,412,24,4097640063,44602,QN1201
3058215,43904,10/31/2024,Accident,Other Construction Related,0,1,71,PRINCE STREET,Brooklyn,2050,100,11201,40.695332,-73.982413,302,35,3020500100,1501,BK0202
1091823,43909,11/01/2024,Incident,Other Construction Related,0,0,3,ST MARKS PLACE,Manhattan,464,59,10003,40.729384,-73.989497,103,02,1004640059,38,MN0303
3140147,43906,10/31/2024,Incident,Other Construction Related,0,0,1443,57 STREET,Brooklyn,5692,54,11219,40.628624,-73.99358,312,44,3056920054,240,BK1202
3329436,43922,11/04/2024,Incident,Other Construction Related,0,0,380,FULTON STREET,Brooklyn,154,19,11201,40.69152,-73.987527,302,33,3001540019,37,BK0202
4003495,43901,10/30/2024,Accident,Material Failure (Fell),0,1,43-14,QUEENS STREET,Queens,266,27,11101,40.747075,-73.939149,402,26,4002660027,1902,QN0201
1035336,43900,10/30/2024,Accident,Worker Fell,0,1,50,EAST 42 STREET,Manhattan,1276,51,10017,40.752702,-73.97907000000001,105,04,1012760051,82,MN0502
1022547,43910,11/01/2024,Accident,Worker Fell,0,1,650,1 AVENUE,Manhattan,969,1,10016,40.745817,-73.972016,106,04,1009690001,8601,MN0603
1005641,43929,11/06/2024,Incident,Excavation/Soil Work,0,0,327,BROOME STREET,Manhattan,423,17,10002,40.719207,-73.993835,103,01,1004230017,18,MN0302
1079205,43927,11/05/2024,Incident,Other Construction Related,0,0,46,CLAREMONT AVENUE,Manhattan,1989,1,10027,40.810179,-73.963608,109,07,1019890001,205,MN0901
5175835,43938,11/08/2024,Incident,Scaffold/Shoring Installations,0,0,57,MAPLE TERRACE,Staten Island,4082,9,10306,40.563129,-74.099439,502,50,5040820009,12804,SI0202
3425801,43940,11/10/2024,Incident,Other Construction Related,0,0,205,VERNON AVENUE,Brooklyn,1756,7501,11206,40.695235,-73.943945,303,36,3017567501,25901,BK0301
1001096,43944,11/12/2024,Incident,Other Construction Related,0,0,21,MAIDEN LANE,Manhattan,65,6,10038,40.70926,-74.009082,101,01,1000650006,1502,MN0101
1045571,43937,10/31/2024,Notification,Other Construction Related,0,1,1233,YORK AVENUE,Manhattan,1461,21,10065,40.763195,-73.956429,108,05,1014610021,116,MN0801
4216249,43948,11/13/2024,Incident,Other Construction Related,0,0,166-36,JAMAICA AVENUE,Queens,10156,14,11432,40.705911,-73.793707,412,27,4101560014,444,QN1201
1005132,43946,11/12/2024,Incident,Scaffold/Shoring Installations,0,0,534,EAST 11 STREET,Manhattan,404,21,10009,40.728055,-73.980885,103,02,1004040021,34,MN0303
3250244,43953,11/14/2024,Incident,Other Construction Related,0,0,99,ASTER COURT,Brooklyn,8955,114,11229,40.595917,-73.929373,315,46,3089550114,628,BK1503
2130757,43810,10/07/2024,Accident,Worker Fell,0,1,1351,JEROME AVENUE,Bronx,2856,141,10452,40.839368,-73.918501,204,16,2028560011,219,BX0403
4112161,42831,02/15/2024,Accident,Worker Fell,0,1,35-18,LEAVITT STREET,Queens,4960,27,11354,40.764459,-73.828892,407,20,4049600027,869,QN0707
3429621,43404,06/20/2024,Incident,Excavation/Soil Work,0,0,875,ERSKINE STREET,Brooklyn,4586,495,11239,40.655529,-73.867753,305,42,3045867506,107001,BK0504
3429519,43062,04/03/2024,Accident,Other Construction Related,0,1,20,VITAL AVENUE,Brooklyn,4586,470,11239,40.654576,-73.867067,305,42,3045860470,107001,BK0504
3429519,42745,01/24/2024,Accident,Worker Fell,0,1,20,VITAL AVENUE,Brooklyn,4586,470,11239,40.654576,-73.867067,305,42,3045860470,107001,BK0504
3128660,43603,08/07/2024,Accident,Excavation/Soil Work,0,1,4609,16 AVENUE,Brooklyn,5437,106,11204,40.632598,-73.983874,312,44,3054370001,476,BK1202
2130757,43520,07/17/2024,Accident,Worker Fell,0,1,1351,JEROME AVENUE,Bronx,2856,141,10452,40.839368,-73.918501,204,16,2028560011,219,BX0403
2130757,43285,05/22/2024,Notification,Other Construction Related,0,1,1351,JEROME AVENUE,Bronx,2856,141,10452,40.839368,-73.918501,204,16,2028560011,219,BX0403
4618910,43385,06/15/2024,Incident,Other Construction Related,0,0,35-32,LEAVITT STREET,Queens,4960,29,11354,40.76438,-73.828871,407,20,4049600029,869,QN0707
4618910,43880,10/25/2024,Accident,Worker Fell,0,1,35-32,LEAVITT STREET,Queens,4960,29,11354,40.76438,-73.828871,407,20,4049600029,869,QN0707
4624163,43587,08/02/2024,Accident,Worker Fell,0,1,131-02 B,40 ROAD,Queens,5066,150,11354,40.755575,-73.836625,407,20,4050667508,871,QN0707
3429621,42925,03/07/2024,Incident,Worker Fell,0,1,875,ERSKINE STREET,Brooklyn,4586,495,11239,40.655529,-73.867753,305,42,3045867506,107001,BK0504
2130757,43301,05/28/2024,Accident,Mechanical Construction Equipment,0,1,1351,JEROME AVENUE,Bronx,2856,141,10452,40.839368,-73.918501,204,16,2028560011,219,BX0403
1091791,43601,08/06/2024,Accident,Other Construction Related,0,1,205,EAST 110 STREET,Manhattan,1660,1,10029,40.793971,-73.942403,111,08,1016607503,180,MN1102
1052455,43575,08/01/2024,Accident,Worker Fell,0,1,2005,3 AVENUE,Manhattan,1660,1,10029,40.794223,-73.942732,111,08,1016607503,180,MN1102
2130757,43378,06/14/2024,Accident,Worker Fell,0,1,1351,JEROME AVENUE,Bronx,2856,141,10452,40.839368,-73.918501,204,16,2028560011,219,BX0403
3428817,42726,01/19/2024,Accident,Worker Fell,0,1,268,BARBEY STREET,Brooklyn,3964,8,11207,40.676365,-73.888452,305,37,3039647501,1198,BK0502
2130757,43387,06/16/2024,Accident,Other Construction Related,0,1,1351,JEROME AVENUE,Bronx,2856,141,10452,40.839368,-73.918501,204,16,2028560011,219,BX0403
2130757,43569,07/31/2024,Incident,Other Construction Related,0,0,1351,JEROME AVENUE,Bronx,2856,141,10452,40.839368,-73.918501,204,16,2028560011,219,BX0403
3861463,43796,10/02/2024,Incident,Other Construction Related,0,0,721,CLINTON STREET,Brooklyn,621,1,11231,40.670372,-74.003947,306,38,3006210050,5302,BK0601
1091010,43087,04/07/2024,Incident,Mechanical Construction Equipment,0,0,270,PARK AVENUE,Manhattan,1283,21,10017,40.755641,-73.975109,105,04,1012830021,94,MN0502
1091010,42665,01/08/2024,Accident,Material Failure (Fell),0,1,270,PARK AVENUE,Manhattan,1283,21,10017,40.755641,-73.975109,105,04,1012830021,94,MN0502
1022547,43130,04/15/2024,Accident,Worker Fell,0,1,650,1 AVENUE,Manhattan,969,1,10016,40.745817,-73.972016,106,04,1009690001,8601,MN0603
3058215,43367,06/11/2024,Accident,Other Construction Related,0,1,71,PRINCE STREET,Brooklyn,2050,100,11201,40.695332,-73.982413,302,35,3020500100,1501,BK0202
1091781,43027,03/28/2024,Accident,Material Failure (Fell),0,1,32,WEST 48 STREET,Manhattan,1263,55,10036,40.757978,-73.979783,105,04,1012630055,96,MN0502
3429595,42924,03/07/2024,Accident,Worker Fell,0,1,180,ASHLAND PLACE,Brooklyn,2095,26,11217,40.689356,-73.978567,302,35,3020950026,33,BK0203
3330263,43140,04/16/2024,Incident,Mechanical Construction Equipment,0,0,395,CARROLL STREET,Brooklyn,445,11,11231,40.678428,-73.98975,306,39,3004450011,75,BK0601
3023674,43266,05/17/2024,Incident,Other Construction Related,0,0,195,15 STREET,Brooklyn,1041,7501,11215,40.66595,-73.990084,306,38,3010417501,14101,BK0602
1081137,43670,08/26/2024,Accident,Other Construction Related,0,1,14,WEST 57 STREET,Manhattan,1272,47,10019,40.763282,-73.974742,105,04,1012720047,11201,MN0502
1023724,43109,04/11/2024,Accident,Worker Fell,0,1,125,WEST 57 STREET,Manhattan,1010,15,10019,40.764727,-73.978142,105,06,1010100015,137,MN0502
3429314,43181,04/25/2024,Accident,Other Construction Related,0,1,223,LINDEN STREET,Brooklyn,3325,60,11221,40.696176,-73.916696,304,37,,433,BK0402
3429402,43795,10/02/2024,Accident,Worker Fell,0,1,570,FULTON STREET,Brooklyn,2106,35,11217,40.688373,-73.979605,302,35,3021060035,33,BK0203
3177549,42724,01/19/2024,Accident,Worker Fell,0,1,815,KINGS HIGHWAY,Brooklyn,6665,14,11223,40.606556,-73.964397,315,44,3066650014,418,BK1501
3076634,43483,07/08/2024,Incident,Other Construction Related,0,0,262,PALMETTO STREET,Brooklyn,3352,23,11221,40.695853,-73.914637,304,37,3033520023,435,BK0402
1083724,43074,04/04/2024,Incident,Material Failure (Fell),0,0,149,WEST 55 STREET,Manhattan,1008,1,10019,40.763909,-73.98021,105,06,1010080001,137,MN0502
2130961,43634,08/15/2024,Accident,Worker Fell,0,1,120,EAST 144 STREET,Bronx,2344,112,10451,40.816951,-73.929876,201,08,2023440112,6301,BX0401
3429267,42749,01/25/2024,Accident,Other Construction Related,0,1,60,CEDAR STREET,Brooklyn,3232,5,11221,40.69721,-73.927329,304,34,3032320005,423,BK0401
1048273,43232,05/08/2024,Accident,Worker Fell,0,1,150,EAST 91 STREET,Manhattan,1519,50,10128,40.782533,-73.952924,108,05,1015190050,14802,MN0802
4624057,43593,08/06/2024,Accident,Worker Fell,0,1,39-03,COLLEGE POINT BOULEVARD,Queens,4973,6,11354,40.758879,-73.834483,407,20,4049730006,871,QN0707
1083929,42941,03/11/2024,Accident,Mechanical Construction Equipment,0,4,1901,1 AVENUE,Manhattan,1669,1,10029,40.784557,-73.94378,111,08,1016690001,15602,MN1101
3185093,42894,02/29/2024,Accident,Worker Fell,1,0,2378,82 STREET,Brooklyn,6851,39,11214,40.601919,-73.987677,311,43,3068510039,298,BK1103
3144161,43499,07/11/2024,Not DOB Jurisdiction,Worker Fell,0,1,6502,5 AVENUE,Brooklyn,5818,27,11220,40.6365,-74.01928,310,47,3058180027,126,BK1001
3429585,43041,03/30/2024,Accident,Other Construction Related,0,1,424,CARROLL STREET,Brooklyn,453,1,11215,40.677884,-73.988402,306,39,3004530001,11901,BK0601
2826970,43347,06/07/2024,Accident,Worker Fell,0,1,334,EAST 176 STREET,Bronx,2892,34,10457,40.847472,-73.903209,205,15,2028920034,231,BX0502
3007199,42659,01/05/2024,Accident,Worker Fell,0,2,577,UNION STREET,Brooklyn,433,28,11215,40.678707,-73.986343,306,39,3004330028,11901,BK0601
2017263,43017,03/26/2024,Accident,Worker Fell,0,1,261,EAST 202 STREET,Bronx,3308,92,10458,40.872791,-73.884688,207,11,2033080092,413,BX0702
4623202,43426,06/25/2024,Accident,Worker Fell,0,1,35-15,19 AVENUE,Queens,814,10,11105,40.780061,-73.901942,401,22,4008140010,10701,QN0101
3332217,43170,04/22/2024,Accident,Other Construction Related,0,1,92,centre mall,Brooklyn,538,1,11231,40.674833,-74.003558,306,38,3005380001,85,BK0601
1091643,43218,05/06/2024,Accident,Mechanical Construction Equipment,0,1,310,HUDSON STREET,Manhattan,579,47,10013,40.726168,-74.007494,102,03,1005790047,37,MN0201
4001555,42888,02/28/2024,Incident,Scaffold/Shoring Installations,0,0,45-45,46 STREET,Queens,153,7,11377,40.74201,-73.918919,402,26,4001530007,23502,QN0202
1014744,43447,06/27/2024,Notification,Material Failure (Fell),0,1,143,WEST 20 STREET,Manhattan,796,13,10011,40.741786,-73.995933,104,03,1007960013,87,MN0401
2130750,43809,10/07/2024,Accident,Worker Fell,0,1,1600,GRAND AVENUE,Bronx,2865,160,10453,40.84647,-73.916753,205,14,2028650160,217,BX0501
4619459,43423,06/24/2024,Incident,Other Construction Related,0,0,23-15,44 ROAD,Queens,436,1,11101,40.748365,-73.944557,402,26,4004360001,1903,QN0201
4620885,43685,08/29/2024,Notification,Other Construction Related,0,1,26-32,JACKSON AVENUE,Queens,267,21,11101,40.747551,-73.94113,402,26,4002670021,1902,QN0201
3426897,42793,02/05/2024,Accident,Worker Fell,0,1,320,KENT AVENUE,Brooklyn,2414,26,11249,40.713782,-73.967211,301,33,3024140026,551,BK0102
1091789,43697,09/03/2024,Accident,Other Construction Related,0,1,648,WEST 48 STREET,Manhattan,1095,11,10036,40.765045,-73.996552,104,03,1010950011,12902,MN0402
4004604,43336,06/05/2024,Accident,Worker Fell,1,0,38-29,30 STREET,Queens,383,1,11101,40.75381,-73.9331,401,26,4003830001,31,QN0105
1033105,43169,04/22/2024,Accident,Worker Fell,0,1,211,WEST 84 STREET,Manhattan,1232,14,10024,40.786594,-73.976488,107,06,1012320014,171,MN0702
1000821,42944,03/11/2024,Incident,Material Failure (Fell),0,0,55,BROAD STREET,Manhattan,25,1,10004,40.705189,-74.011505,101,01,1000250001,9,MN0101
3428952,43489,07/09/2024,Accident,Worker Fell,0,1,254,EUCLID AVENUE,Brooklyn,4143,2,11208,40.682273,-73.873905,305,37,3041430002,1178,BK0501
5046953,43350,06/07/2024,Incident,Excavation/Soil Work,0,0,40,WILSON STREET,Staten Island,3191,100,10304,40.59738,-74.090833,502,50,5031910100,9601,SI0201
,43157,04/18/2024,Incident,Scaffold/Shoring Installations,0,0,14,SEAFOAN STREET,Staten Island,,,,,,,,,,
3429286,43624,08/12/2024,Accident,Worker Fell,0,1,445,5 AVENUE,Brooklyn,1011,5,11215,40.669078999999996,-73.98637,306,39,3010110005,139,BK0602
3429084,43238,05/09/2024,Incident,Excavation/Soil Work,0,0,624,METROPOLITAN AVENUE,Brooklyn,2762,14,11211,40.714156,-73.948301,301,34,3027620014,503,BK0104
1022547,43419,06/24/2024,Accident,Mechanical Construction Equipment,0,1,650,1 avenue,Manhattan,969,1,10016,40.745817,-73.972016,106,04,1009690001,8601,MN0603
1088749,43235,05/09/2024,Incident,Other Construction Related,0,0,1,MADISON AVENUE,Manhattan,853,2,10010,40.740909,-73.987947,105,02,1008530002,56,MN0501
3429327,43330,06/04/2024,Accident,Worker Fell,0,1,625,FULTON STREET,Brooklyn,2094,1,11201,40.688566,-73.980045,302,35,3020940001,33,BK0203
1050357,42883,02/28/2024,Accident,Other Construction Related,0,1,1522,1 AVENUE,Manhattan,1559,50,10075,40.772632,-73.952462,108,05,1015590001,13603,MN0803
3116905,43337,06/06/2024,Incident,Other Construction Related,0,0,158,MARTENSE STREET,Brooklyn,5090,35,11226,40.651471,-73.95386,317,40,3050900035,822,BK1701
1086331,43102,04/10/2024,Accident,Worker Fell,0,1,111,ANDES ROAD,Manhattan,1,111,10004,40.692552,-74.016281,101,01,1000010111,5,MN0191
3428952,42689,01/12/2024,Incident,Other Construction Related,0,0,254,EUCLID AVENUE,Brooklyn,4143,2,11208,40.682273,-73.873905,305,37,3041430002,1178,BK0501
1083858,43526,07/18/2024,Accident,Worker Fell,0,1,550,5 AVENUE,Manhattan,1261,36,10036,40.755626,-73.979336,105,04,1012610036,96,MN0502
1082731,43600,08/06/2024,Accident,Other Construction Related,0,1,480,SECOND AVENUE,Manhattan,934,1,10016,40.740485,-73.978998,106,02,1009340001,66,MN0603
3395377,43465,07/02/2024,Accident,Material Failure (Fell),0,1,16,DUPONT STREET,Brooklyn,2494,6,11222,40.735419,-73.95985,301,33,3024940006,56302,BK0101
1044694,43407,06/19/2024,Notification,Other Construction Related,0,1,337,EAST 64 STREET,Manhattan,1439,7503,10065,40.763336,-73.961093,108,05,1014397503,118,MN0801
1081163,43786,09/30/2024,Accident,Worker Fell,0,1,126,EAST 56 STREET,Manhattan,1310,63,10022,40.760464999999996,-73.970151,105,04,1013100063,100,MN0604
2130506,43630,08/14/2024,Accident,Other Construction Related,0,1,1223,SPOFFORD AVENUE,Bronx,2738,2,10474,40.813898,-73.890537,202,17,2027380002,9301,BX0201
4214498,42750,01/25/2024,Accident,Other Construction Related,0,1,95-25,WALTHAM STREET,Queens,10026,34,11435,40.697908,-73.807191,412,27,4100260034,208,QN1201
3109443,43015,03/26/2024,Accident,Worker Fell,0,2,3421,SNYDER AVENUE,Brooklyn,4888,33,11203,40.649186,-73.945238,317,40,3048880033,856,BK1701
3429691,42701,01/15/2024,Accident,Worker Fell,0,1,15,HANOVER PLACE,Brooklyn,161,3,11201,40.688827,-73.982454,302,33,3001610003,37,BK0202
2130685,43261,05/15/2024,Accident,Mechanical Construction Equipment,0,1,221 D,MANIDA STREET,Bronx,2777,100,10474,40.805223,-73.885975,202,17,2027770100,9302,BX0201
1083700,43469,07/01/2024,Accident,Other Construction Related,0,1,601,EAST 20 STREET,Manhattan,978,1,10010,40.732967,-73.975298,106,04,1009780001,60,MN0601
2130783,43736,09/12/2024,Accident,Other Construction Related,0,1,323,JACKSON AVENUE,Bronx,2572,3,10454,40.80723,-73.911539,201,08,2025720003,33,BX0101
3429452,43362,06/10/2024,Notification,Other Construction Related,0,1,564,UTICA AVENUE,Brooklyn,4603,1,11203,40.659655,-73.931238,309,41,,878,BK1703
1000007,43377,06/14/2024,Accident,Worker Fell,0,1,25,WATER STREET,Manhattan,5,10,10004,40.703026,-74.011202,101,01,1000050010,9,MN0101
1091731,43376,06/14/2024,Accident,Worker Fell,0,1,200,EAST 75 STREET,Manhattan,1429,45,10021,40.771548,-73.958849,108,05,1014290045,134,MN0801
3009460,42798,02/07/2024,Incident,Other Construction Related,0,0,714,5 AVENUE,Brooklyn,646,43,11215,40.660543,-73.994273,307,38,3006460043,145,BK0702
4143910,42880,02/27/2024,Incident,Excavation/Soil Work,0,0,147-27,JEWEL AVENUE,Queens,6645,55,11367,40.73072,-73.821146,408,24,4066450055,809,QN0801
1091738,43125,04/15/2024,Accident,Worker Fell,0,1,280,EAST HOUSTON STREET,Manhattan,397,58,10002,40.721627,-73.984307,103,02,1003977503,3002,MN0303
4623245,42985,03/19/2024,Accident,Worker Fell,0,1,331,BEACH 35 STREET,Queens,15825,7,11691,40.596108,-73.767699,414,31,4158250007,992,QN1401
1030865,43657,08/22/2024,Notification,Material Failure (Fell),0,0,2178,BROADWAY,Manhattan,1168,44,10024,40.782362,-73.98084,107,06,1011680044,163,MN0702
1005723,43114,04/12/2024,Accident,Other Construction Related,0,1,183,CHRYSTIE STREET,Manhattan,426,35,10002,40.721548,-73.992096,103,01,1004260035,3601,MN0302
3000603,43145,04/16/2024,Accident,Worker Fell,0,1,100,FLATBUSH AVENUE,Brooklyn,174,23,11217,40.685511,-73.978525,302,33,3001747502,39,BK0202
4623202,42848,02/20/2024,Accident,Worker Fell,0,1,35-15,19 AVENUE,Queens,814,10,11105,40.780061,-73.901942,401,22,4008140010,10701,QN0101
3429687,42658,01/05/2024,Notification,Other Construction Related,0,1,488,DEGRAW STREET,Brooklyn,424,1,11217,40.681104,-73.98843,306,39,3004240001,75,BK0601
3429813,43223,05/06/2024,Notification,Other Construction Related,0,0,880,ATLANTIC AVENUE,Brooklyn,1122,21,11238,40.681393,-73.965788,308,35,3011220021,203,BK0801
3429272,43228,05/08/2024,Incident,Other Construction Related,0,1,18,INDIA STREET,Brooklyn,2538,1,11222,40.731774,-73.9604,301,33,3025380001,565,BK0101
3330263,43435,06/26/2024,Accident,Other Construction Related,0,1,395,CARROLL STREET,Brooklyn,445,11,11231,40.678428,-73.98975,306,39,3004450011,75,BK0601
4620885,42922,03/07/2024,Accident,Worker Fell,0,1,26-32,JACKSON AVENUE,Queens,267,21,11101,40.747551,-73.94113,402,26,4002670021,1902,QN0201
4209632,43629,08/13/2024,Accident,Worker Fell,0,1,90-02,168 STREET,Queens,9796,63,11432,40.707675,-73.793344,412,27,4097960063,460,QN1201
4623357,42801,02/08/2024,Accident,Worker Fell,0,1,51-19,BEACH CHANNEL DRIVE,Queens,15843,1,11691,40.595204,-73.782638,414,31,4158430001,97204,QN1402
2817041,43106,04/11/2024,Accident,Worker Fell,0,1,1010,WASHINGTON AVENUE,Bronx,2369,10,10456,40.826343,-73.909635,203,16,2023690010,18501,BX0301
1031993,43779,09/27/2024,Incident,Other Construction Related,0,0,140,WEST 81 STREET,Manhattan,1211,50,10024,40.783767,-73.975774,107,06,1012110050,165,MN0702
3205005,43461,07/01/2024,Accident,Worker Fell,0,1,1700,JEROME AVENUE,Brooklyn,7462,67,11235,40.5873,-73.952133,315,48,3074620067,600,BK1503
2826970,42666,01/08/2024,Accident,Material Failure (Fell),0,1,334,EAST 176 STREET,Bronx,2892,34,10457,40.847472,-73.903209,205,15,2028920034,231,BX0502
1012364,43034,03/29/2024,Incident,Other Construction Related,0,0,555,WEST 24 STREET,Manhattan,696,1,10011,40.749087,-74.005396,104,03,1006960001,9901,MN0401
1079184,42846,02/19/2024,Accident,Other Construction Related,0,1,261,11 AVENUE,Manhattan,673,1,10001,40.751502,-74.005118,104,03,1006730001,9902,MN0401
4624448,43319,06/01/2024,Accident,Other Construction Related,0,1,42-14,ORCHARD STREET,Queens,265,40,11101,40.748112,-73.938769,402,26,4002650013,1902,QN0201
3429227,43772,09/25/2024,Accident,Worker Fell,0,1,65,DUPONT STREET,Brooklyn,2487,17,11222,40.735668,-73.957396,301,33,3024870017,56301,BK0101
1050357,43040,03/30/2024,Accident,Other Construction Related,0,1,1522,1 AVENUE,Manhattan,1559,50,10075,40.772632,-73.952462,108,05,1015590001,13603,MN0803
3073409,43822,10/10/2024,Incident,Scaffold/Shoring Installations,0,0,1305,MYRTLE AVENUE,Brooklyn,3228,25,11221,40.69798,-73.926326,304,34,3032280025,423,BK0401
3334941,43308,05/29/2024,Incident,Excavation/Soil Work,0,0,299,WILLOUGHBY AVENUE,Brooklyn,1911,45,11205,40.692622,-73.959122,303,33,3019110045,235,BK0301
1033105,43538,07/22/2024,Accident,Material Failure (Fell),0,1,211,WEST 84 STREET,Manhattan,1232,14,10024,40.786594,-73.976488,107,06,1012320014,171,MN0702
3338507,43706,09/05/2024,Incident,Excavation/Soil Work,0,0,1388,BUSHWICK AVENUE,Brooklyn,3438,33,11207,40.684868,-73.910025,304,37,3034380033,403,BK0402
1027184,43640,08/16/2024,Accident,Other Construction Related,0,1,755,12 AVENUE,Manhattan,1109,100,10019,40.768668,-73.995404,104,03,1011090100,13501,MN0402
1035455,42929,03/08/2024,Accident,Worker Fell,0,1,437,MADISON AVENUE,Manhattan,1285,21,10022,40.757519,-73.975827,105,04,1012850021,102,MN0502
3425949,43429,06/25/2024,Accident,Material Failure (Fell),0,1,414,VANDALIA AVENUE,Brooklyn,4452,249,11239,40.654526,-73.876642,305,42,3044520249,107001,BK0504
3429585,42688,01/12/2024,Accident,Mechanical Construction Equipment,0,1,420,CARROLL STREET,Brooklyn,453,1,11215,40.677917,-73.988488,306,39,3004530001,11901,BK0601
1036068,43704,09/05/2024,Accident,Worker Fell,0,1,470,PARK AVENUE,Manhattan,1293,37,10022,40.762123,-73.970389,105,04,1012930037,11202,MN0502
4003416,43394,06/18/2024,Incident,Mechanical Construction Equipment,0,0,31-28,NORTHERN BOULEVARD,Queens,239,111,11101,40.751719,-73.933283,401,26,4002390111,17102,QN0161
3189543,42664,01/08/2024,Accident,Worker Fell,0,1,2931,WEST 23 STREET,Brooklyn,7057,12,11224,40.57543,-73.98995,313,47,3070570012,326,BK1302
1091738,43123,04/15/2024,Accident,Worker Fell,0,1,280,EAST HOUSTON STREET,Manhattan,397,58,10002,40.721627,-73.984307,103,02,1003977503,3002,MN0303
1017122,43735,09/12/2024,Accident,Other Construction Related,0,1,200,MADISON AVENUE,Manhattan,865,14,10016,40.748528,-73.982413,105,04,1008650014,82,MN0502
4433859,42777,02/01/2024,Accident,Worker Fell,0,1,104-60,QUEENS BOULEVARD,Queens,3175,1,11375,40.723485,-73.84849,406,29,4031750001,71305,QN0602
3429402,43758,09/19/2024,Accident,Mechanical Construction Equipment,0,1,570,FULTON STREET,Brooklyn,2106,35,11217,40.688373,-73.979605,302,35,3021060035,33,BK0203
1014167,43484,07/08/2024,Accident,Worker Fell,0,1,280,8 AVENUE,Manhattan,774,1,10001,40.746043,-73.997928,104,03,1007740001,91,MN0401
3429317,43776,09/26/2024,Accident,Worker Fell,0,1,89,DEKALB AVENUE,Brooklyn,2085,15,11201,40.689883,-73.979793,302,35,,3101,BK0203
1000007,42679,01/10/2024,Accident,Worker Fell,0,1,25,WATER STREET,Manhattan,5,10,10004,40.703026,-74.011202,101,01,1000050010,9,MN0101
1084612,43035,03/29/2024,Accident,Worker Fell,0,1,59,HENRY STREET,Manhattan,280,15,10002,40.71299,-73.994939,103,01,1002800015,8,MN0301
3338402,43701,09/04/2024,Accident,Material Failure (Fell),0,1,222,TEN EYCK STREET,Brooklyn,3027,1,11206,40.710535,-73.94074,301,34,3030270001,49301,BK0104
2001029,42926,03/07/2024,Accident,Worker Fell,0,1,120,EAST 144 STREET,Bronx,2344,112,10451,40.816951,-73.929876,201,08,2023440112,6301,BX0401
1004377,43680,08/28/2024,Accident,Worker Fell,0,1,270,EAST 2 STREET,Manhattan,372,64,10009,40.720822,-73.980602,103,02,1003720064,2202,MN0303
1036511,43105,04/10/2024,Accident,Material Failure (Fell),0,1,660,LEXINGTON AVENUE,Manhattan,1310,14,10022,40.759812,-73.969957,105,04,1013100014,100,MN0604
3429395,43103,04/10/2024,Incident,Worker Fell,0,1,2971,SHELL ROAD,Brooklyn,7269,1,11224,40.580357,-73.976164,313,47,3072690001,348,BK1302
4624331,42746,01/24/2024,Accident,Worker Fell,0,1,78-29,AUSTIN STREET,Queens,3345,1,11375,40.713554,-73.834217,406,29,4033450001,76902,QN0602
1050357,42834,02/16/2024,Accident,Material Failure (Fell),0,1,1522,1 AVENUE,Manhattan,1559,50,10075,40.772632,-73.952462,108,05,1015590001,13603,MN0803
3124949,43437,06/26/2024,Accident,Other Construction Related,0,1,3914,15 AVENUE,Brooklyn,5346,43,11218,40.637832,-73.982042,312,39,3053460043,228,BK1202
4080417,42811,02/11/2024,Incident,Other Construction Related,0,0,2115,LINDEN STREET,Queens,3374,37,11385,40.708158,-73.904619,405,30,4033740037,593,QN0502
3251678,43401,06/19/2024,Accident,Worker Fell,0,1,470,KENT AVENUE,Brooklyn,2134,1,11249,40.707947,-73.968433,301,33,3021340001,547,BK0102
1088888,43216,05/06/2024,Accident,Worker Fell,0,1,124,WEST 23 STREET,Manhattan,798,7507,10011,40.743287,-73.993724,104,03,1007987507,91,MN0401
3034689,43747,09/16/2024,Accident,Worker Fell,0,1,742,MONTGOMERY STREET,Brooklyn,1312,42,11213,40.664823,-73.940496,309,35,3013120042,331,BK0901
1030307,42971,03/15/2024,Accident,Other Construction Related,0,1,537,WEST 59 STREET,Manhattan,1151,12,10019,40.770899,-73.98874,107,06,1011510012,147,MN0701
1022687,43595,08/06/2024,Incident,Material Failure (Fell),0,0,170,WEST 48 STREET,Manhattan,1000,64,10105,40.759417,-73.98319,105,04,1010000064,125,MN0502
1014251,42791,02/05/2024,Accident,Worker Fell,0,1,220,WEST 28 STREET,Manhattan,777,18,10001,40.747582,-73.994197,105,03,1007770018,95,MN0501
2001876,43329,06/04/2024,Accident,Worker Fell,1,0,629,COURTLANDT AVENUE,Bronx,2411,41,10451,40.818423,-73.918714,201,17,2024110041,67,BX0102
3065351,43348,06/07/2024,Accident,Worker Fell,0,1,123,MESEROLE AVENUE,Brooklyn,2597,33,11222,40.727264,-73.952217,301,33,3025970033,561,BK0101
3070870,43462,07/01/2024,Incident,Other Construction Related,0,0,157,LEONARD STREET,Brooklyn,3032,18,11206,40.709006,-73.946841,301,34,3030320018,511,BK0104
2130596,43192,04/29/2024,Accident,Excavation/Soil Work,0,1,6201,BROADWAY,Bronx,5825,1576,10471,40.896116,-73.896761,208,11,2058251576,351,BX0803
3132834,43289,05/23/2024,Incident,Other Construction Related,0,0,1839,63 STREET,Brooklyn,5533,59,11204,40.619766,-73.988084,311,43,3055330059,248,BK1101
1035732,43001,03/22/2024,Accident,Worker Fell,0,1,386,PARK AVENUE,Manhattan,1289,36,10022,40.759332,-73.972426,105,04,1012890036,102,MN0502
1026495,43226,05/08/2024,Accident,Other Construction Related,0,1,410,WEST 47 STREET,Manhattan,1056,38,10036,40.761866,-73.99095,104,03,1010560038,127,MN0402
1034211,43152,04/18/2024,Accident,Worker Fell,0,1,520,5 AVENUE,Manhattan,1259,35,10036,40.754421,-73.980213,105,04,1012590035,96,MN0502
2001976,43397,06/18/2024,Accident,Other Construction Related,0,1,305,EAST 162 STREET,Bronx,2422,46,10451,40.826109,-73.916638,204,16,2024220046,173,BX0401
3429727,43591,08/05/2024,Accident,Worker Fell,0,1,636,GRAND AVENUE,Brooklyn,1154,24,11238,40.676759,-73.962748,308,35,3011540024,205,BK0801
1087645,42672,01/09/2024,Accident,Mechanical Construction Equipment,0,5,3880,9 AVENUE,Manhattan,2189,60,10034,40.864118,-73.916764,112,10,1021890060,299,MN1203
1001004,43826,10/11/2024,Accident,Worker Fell,0,1,60,WALL STREET,Manhattan,40,3,10005,40.705914,-74.008609,101,01,1000400003,7,MN0101
3816613,43000,03/22/2024,Accident,Worker Fell,0,1,97,GLENMORE AVENUE,Brooklyn,3692,1,11212,40.671537,-73.907191,316,37,3036920001,908,BK1602
3009621,42915,03/05/2024,Incident,Other Construction Related,0,0,750,5 AVENUE,Brooklyn,655,31,11232,40.659028,-73.995852,307,38,3006550031,101,BK0702
3429327,43251,05/13/2024,Accident,Worker Fell,0,1,625,FULTON STREET,Brooklyn,2094,1,11201,40.688566,-73.980045,302,35,3020940001,33,BK0203
3429633,43364,06/11/2024,Accident,Worker Fell,0,1,164,4 AVENUE,Brooklyn,420,37,11217,40.679223,-73.981829,306,39,3004200037,11901,BK0601
1044935,43690,08/30/2024,Accident,Worker Fell,0,1,330,east 75 street,Manhattan,1449,7501,10021,40.769916,-73.95498,108,05,1014497501,134,MN0801
4436573,43286,05/23/2024,Accident,Worker Fell,0,2,2-29,50 AVENUE,Queens,17,1,11101,40.743502,-73.95808,402,26,4000170001,101,QN0201
1001406,42696,01/13/2024,Incident,Scaffold/Shoring Installations,0,0,18,MURRAY STREET,Manhattan,124,7501,10007,40.713437,-74.008073,101,01,1001247501,21,MN0102
1091692,43712,09/06/2024,Accident,Worker Fell,0,1,407,WEST 206 STREET,Manhattan,2203,9,10034,40.863178,-73.917911,112,10,1022030009,299,MN1203
3429228,43495,07/10/2024,Accident,Material Failure (Fell),0,1,75,DUPONT STREET,Brooklyn,2487,18,11222,40.735698,-73.957082,301,33,3024870018,56301,BK0101
3033040,42670,01/09/2024,Incident,Excavation/Soil Work,0,0,1457,UNION STREET,Brooklyn,1271,47,11213,40.668525,-73.94329,309,35,3012710047,33702,BK0901
3418384,42744,01/24/2024,Accident,Worker Fell,0,1,1352,36 STREET,Brooklyn,5301,20,11218,40.641631,-73.98358,312,39,3053010020,226,BK1202
1091745,43029,03/28/2024,Accident,Worker Fell,0,1,80,CLARKSON STREET,Manhattan,596,7502,10014,40.729793,-74.010297,102,03,1005967502,69,MN0203
3000352,43365,06/11/2024,Incident,Other Construction Related,0,0,589,FULTON STREET,Brooklyn,149,14,11201,40.689238,-73.981765,302,33,3001490014,33,BK0203
2129717,43078,04/05/2024,Incident,Mechanical Construction Equipment,0,0,138,BRUCKNER BOULEVARD,Bronx,2260,10,10454,40.803902,-73.920534,201,08,2022600010,1902,BX0101
3426198,43467,07/02/2024,Accident,Other Construction Related,0,1,532,NEPTUNE AVENUE,Brooklyn,7273,7501,11224,40.579868,-73.973025,313,48,3072737501,354,BK1302
1080074,42685,01/11/2024,Accident,Other Construction Related,0,1,40,EAST 4 STREET,Manhattan,531,37,10003,40.727337,-73.992073,102,02,1005310037,5502,MN0202
1000821,42820,02/13/2024,Accident,Worker Fell,0,1,55,BROAD STREET,Manhattan,25,1,10004,40.705189,-74.011505,101,01,1000250001,9,MN0101
1086331,43262,05/15/2024,Accident,Worker Fell,0,1,111,ANDES ROAD,Manhattan,1,111,10004,40.692552,-74.016281,101,01,1000010111,5,MN0191
3816613,43379,06/14/2024,Accident,Mechanical Construction Equipment,0,1,97,GLENMORE AVENUE,Brooklyn,3692,1,11212,40.671537,-73.907191,316,37,3036920001,908,BK1602
2010963,42727,01/19/2024,Accident,Worker Fell,0,1,1763,WEST FARMS ROAD,Bronx,3015,97,10460,40.835683,-73.882143,203,17,2030150097,161,BX0303
3429295,43519,07/17/2024,Accident,Worker Fell,0,1,655,UNION STREET,Brooklyn,434,35,11215,40.677648,-73.983636,306,39,3004340035,11901,BK0601
3031228,43508,07/15/2024,Accident,Other Construction Related,0,1,685,NOSTRAND AVENUE,Brooklyn,1234,1,11216,40.673817,-73.950117,308,36,3012340001,31701,BK0802
1091654,43602,08/07/2024,Accident,Worker Fell,0,1,570,WASHINGTON STREET,Manhattan,596,7502,10014,40.729212,-74.009316,102,03,1005967502,69,MN0203
3044052,42984,03/19/2024,Accident,Other Construction Related,0,2,148,STUYVESANT AVENUE,Brooklyn,1620,45,11221,40.690316,-73.933532,303,36,3016200045,291,BK0302
4018225,43133,04/15/2024,Incident,Other Construction Related,0,0,22-63,26 STREET,Queens,856,7,11105,40.776956,-73.915371,401,22,4008560007,101,QN0101
1013685,43773,09/25/2024,Accident,Material Failure (Fell),0,1,307,WEST 39 STREET,Manhattan,763,31,10018,40.755569,-73.99172,104,03,1007630031,115,MN0402
3008793,43371,06/12/2024,Incident,Scaffold/Shoring Installations,0,0,131,COFFEY STREET,Brooklyn,597,15,11231,40.676712,-74.01485,306,38,3005970015,5301,BK0601
1015583,42862,02/21/2024,Accident,Other Construction Related,0,1,200,5 AVENUE,Manhattan,825,31,10010,40.741865,-73.989365,105,03,1008250031,58,MN0501
2130961,43464,07/02/2024,Accident,Worker Fell,0,2,120,EAST 144 STREET,Bronx,2344,112,10451,40.816951,-73.929876,201,08,2023440112,6301,BX0401
1036505,43193,04/29/2024,Accident,Other Construction Related,0,1,425,PARK AVENUE,Manhattan,1310,1,10022,40.760512,-73.971541,105,04,1013100001,100,MN0604
2130573,43042,03/30/2024,Notification,Other Construction Related,0,0,1940,TURNBULL AVENUE,Bronx,3672,30,10473,40.822884,-73.857564,209,18,2036720030,16,BX0902
3429743,43460,07/01/2024,Accident,Worker Fell,0,1,335,BOND STREET,Brooklyn,445,1,11231,40.679018,-73.990179,306,39,3004450001,75,BK0601
1010638,43179,04/24/2024,Accident,Worker Fell,0,1,132,WEST 14 STREET,Manhattan,609,20,10011,40.737806,-73.997922,102,03,1006090020,71,MN0203
3058215,43507,07/15/2024,Accident,Worker Fell,0,1,71,PRINCE STREET,Brooklyn,2050,100,11201,40.695332,-73.982413,302,35,3020500100,1501,BK0202
3425060,42877,02/26/2024,Accident,Worker Fell,0,1,1020,ROGERS AVENUE,Brooklyn,5137,25,11226,40.645445,-73.951918,317,40,3051370025,79202,BK1701
1091788,43444,06/27/2024,Accident,Worker Fell,0,1,255,EAST 39 STREET,Manhattan,920,28,10016,40.748247,-73.974347,106,04,,88,MN0603
1087645,43237,05/09/2024,Notification,Other Construction Related,0,1,3880,9 AVENUE,Manhattan,2189,60,10034,40.864118,-73.916764,112,10,1021890060,299,MN1203
3138044,42780,02/02/2024,Accident,Material Failure (Fell),1,0,1266,50 STREET,Brooklyn,5648,34,11219,40.634951,-73.993518,312,44,3056480034,220,BK1202
3192735,43398,06/18/2024,Accident,Worker Fell,0,1,2110,EAST 1 STREET,Brooklyn,7127,9,11223,40.59697,-73.970509,315,44,3071270009,396,BK1501
3429272,43091,04/08/2024,Accident,Other Construction Related,0,1,18,INDIA STREET,Brooklyn,2538,1,11222,40.731774,-73.9604,301,33,3025380001,565,BK0101
3429452,43588,08/05/2024,Incident,Other Construction Related,0,0,548,UTICA AVENUE,Brooklyn,4603,1,11203,40.659935,-73.931266,309,41,3046030001,878,BK1703
1022547,42844,02/19/2024,Accident,Worker Fell,0,1,650,1 AVENUE,Manhattan,969,1,10016,40.745817,-73.972016,106,04,1009690001,8601,MN0603
3000605,42814,02/12/2024,Accident,Mechanical Construction Equipment,0,1,275,ATLANTIC AVENUE,Brooklyn,175,1,11201,40.688896,-73.989969,302,33,3001750001,43,BK0202
1091755,43717,09/09/2024,Accident,Other Construction Related,0,1,83,THOMPSON STREET,Manhattan,489,25,10012,40.724705,-74.002782,102,01,1004890025,47,MN0201
3345008,43303,05/29/2024,Accident,Mechanical Construction Equipment,0,1,195,SCHOLES STREET,Brooklyn,3027,1,11206,40.708974,-73.941524,301,34,3030270001,49301,BK0104
3049703,43370,06/12/2024,Incident,Other Construction Related,0,0,363,KOSCIUSZUKO STREET,Brooklyn,1782,46,,,,,,,,
2053834,43553,07/25/2024,Incident,Scaffold/Shoring Installations,0,0,2721,COLDEN AVENUE,Bronx,4516,46,10469,40.866003,-73.859608,211,13,2045160046,342,BX1104
1023166,42686,01/11/2024,Accident,Worker Fell,0,1,159,WEST 53 STREET,Manhattan,1006,7501,10019,40.762713,-73.981261,105,04,1010067501,131,MN0502
4436926,43550,07/24/2024,Accident,Scaffold/Shoring Installations,0,1,34-35,44 STREET,Queens,704,1,11101,40.754212,-73.918442,401,22,4007040001,159,QN0104
3398454,42668,01/08/2024,Accident,Worker Fell,0,1,8,GRAND AVENUE,Brooklyn,1877,27,11205,40.697354,-73.964813,302,35,3018770027,211,BK0203
3255546,43141,04/16/2024,Incident,Scaffold/Shoring Installations,0,0,280,NEVINS STREET,Brooklyn,432,25,11217,40.679652,-73.987035,306,39,3004320025,11901,BK0601
3429595,43256,05/14/2024,Incident,Mechanical Construction Equipment,0,0,180,ASHLAND PLACE,Brooklyn,2095,26,11217,40.689356,-73.978567,302,35,3020950026,33,BK0203
1082732,43240,05/09/2024,Accident,Scaffold/Shoring Installations,0,1,484,2 AVENUE,Manhattan,934,1,10016,40.740581,-73.978925,106,02,1009340001,66,MN0603
4624033,43539,07/19/2024,Accident,Worker Fell,0,1,23-10,42 ROAD,Queens,428,19,11101,40.750555,-73.942664,402,26,4004280019,1903,QN0201
1091654,43781,09/27/2024,Accident,Material Failure (Fell),0,1,570,WASHINGTON STREET,Manhattan,596,7502,10014,40.729212,-74.009316,102,03,1005967502,69,MN0203
1080074,42779,02/02/2024,Accident,Mechanical Construction Equipment,0,2,40,EAST 4 STREET,Manhattan,531,37,10003,40.727337,-73.992073,102,02,1005310037,5502,MN0202
3138597,43823,10/10/2024,Incident,Other Construction Related,0,0,1047,53 STREET,Brooklyn,5660,68,11219,40.636032,-73.999802,312,44,3056600068,218,BK1202
1022563,42940,03/11/2024,Accident,Worker Fell,0,1,1440,BROADWAY,Manhattan,993,11,10018,40.754611,-73.986761,105,04,1009930011,113,MN0502
5072540,43212,05/04/2024,Incident,Other Construction Related,0,0,83,STANLEY CIRCLE,Staten Island,5487,104,10308,40.553156,-74.162337,503,51,5054870104,14604,SI0302
1016876,43242,05/10/2024,Accident,Worker Fell,0,1,11,EAST 26 STREET,Manhattan,856,9,10010,40.743188,-73.98755,105,03,1008560009,56,MN0501
1045839,42949,03/11/2024,Accident,Other Construction Related,0,1,420,EAST 72 STREET,Manhattan,1466,37,10021,40.767383,-73.955018,108,05,1014660037,124,MN0801
3061068,42648,01/03/2024,Accident,Excavation/Soil Work,0,1,316,RUTLEDGE STREET,Brooklyn,2228,16,11211,40.705427,-73.951825,301,33,3022280016,529,BK0103
1008814,42709,01/16/2024,Accident,Excavation/Soil Work,0,1,25,WEST 4 STREET,Manhattan,546,26,10012,40.729028,-73.995483,102,02,1005460026,59,MN0202
3429314,43255,05/14/2024,Incident,Mechanical Construction Equipment,0,0,223,LINDEN STREET,Brooklyn,3325,60,11221,40.696176,-73.916696,304,37,,433,BK0402
3000259,43548,07/22/2024,Accident,Material Failure (Fell),0,1,335,ADAMS STREET,Brooklyn,140,7501,11201,40.693565,-73.988908,302,33,3001407501,11,BK0202
4617668,43676,08/27/2024,Accident,Material Failure (Fell),0,2,148-18,HILLSIDE AVENUE,Queens,9694,17,11435,40.706166,-73.808184,412,27,4096940017,238,QN1201
4004668,43095,04/09/2024,Accident,Worker Fell,0,1,38-30,29 STREET,Queens,385,26,11101,40.754214,-73.933901,401,26,4003850026,31,QN0105
2130783,42769,01/31/2024,Accident,Worker Fell,0,1,323,JACKSON AVENUE,Bronx,2572,3,10454,40.80723,-73.911539,201,08,2025720003,33,BX0101
3000398,42845,02/19/2024,Accident,Other Construction Related,0,1,150,LAWRENCE STREET,Brooklyn,151,37,11201,40.691825,-73.986301,302,33,3001510037,11,BK0202
1091635,43445,06/27/2024,Accident,Other Construction Related,0,1,600,WEST 125 STREET,Manhattan,1995,26,10027,40.815974,-73.958569,109,07,1019950026,211,MN0901
1010613,43056,04/02/2024,Accident,Other Construction Related,0,1,118,WEST 13 STREET,Manhattan,608,29,10011,40.736996,-73.998138,102,03,1006080029,71,MN0203
1091775,43373,06/13/2024,Accident,Other Construction Related,0,1,64,UNIVERSITY PLACE,Manhattan,568,21,10003,40.732953,-73.993635,102,02,1005687501,61,MN0202
1091728,42884,02/28/2024,Accident,Worker Fell,0,1,18,WEST 55 STREET,Manhattan,1270,44,10019,40.762023,-73.975782,105,04,1012700044,104,MN0502
4624423,42931,03/08/2024,Accident,Worker Fell,0,1,42-06,ORCHARD STREET,Queens,265,13,11101,40.74817,-73.938805,402,26,4002650013,1902,QN0201
3429784,43324,06/02/2024,Accident,Worker Fell,0,1,1042,ATLANTIC AVENUE,Brooklyn,1125,29,11238,40.680027,-73.959274,308,35,3011250029,305,BK0802
3080756,42967,03/14/2024,Accident,Worker Fell,0,1,326,ROCKAWAY AVENUE,Brooklyn,3499,25,11212,40.671905,-73.911308,316,41,3034990025,924,BK1602
4430171,43745,09/16/2024,Accident,Worker Fell,0,1,50-25,BARNETT AVE,Queens,119,143,11104,40.750171,-73.913174,402,26,4001190143,17101,QN0261
3429554,43675,08/27/2024,Accident,Other Construction Related,0,1,380,4 AVENUE,Brooklyn,980,77,11215,40.67268,-73.986791,306,39,3009800077,11901,BK0601
3010006,43746,09/16/2024,Incident,Other Construction Related,0,0,141,32 STREET,Brooklyn,676,48,11232,40.656994,-74.002811,307,38,3006760048,101,BK0702
1046667,42713,01/17/2024,Accident,Material Failure (Fell),0,1,1076,MADISON AVENUE,Manhattan,1493,14,10028,40.777826,-73.961041,108,04,1014930014,142,MN0802
3337258,43475,07/03/2024,Incident,Other Construction Related,0,0,5216,4 AVENUE,Brooklyn,806,43,11220,40.645207,-74.013906,307,38,3008060043,76,BK0702
4624033,42673,01/09/2024,Notification,Material Failure (Fell),0,1,23-10,42 ROAD,Queens,428,19,11101,40.750555,-73.942664,402,26,4004280019,1903,QN0201
1014167,43432,06/26/2024,Accident,Worker Fell,0,2,280,8 AVENUE,Manhattan,774,1,10001,40.746043,-73.997928,104,03,1007740001,91,MN0401
4624066,43761,09/20/2024,Accident,Other Construction Related,0,1,23-30,BORDEN AVENUE,Queens,68,38,11101,40.739918,-73.947213,402,26,4000680038,104,QN0201
1080293,42991,03/20/2024,Accident,Material Failure (Fell),0,1,533,WEST 19 STREET,Manhattan,691,15,10011,40.74568,-74.007001,104,03,1006910015,9901,MN0401
1091738,42977,03/18/2024,Accident,Other Construction Related,0,1,280,EAST HOUSTON STREET,Manhattan,397,58,10002,40.721627,-73.984307,103,02,1003977503,3002,MN0303
4624117,43019,03/26/2024,Accident,Other Construction Related,0,1,147-35,95 AVENUE,Queens,9999,40,11435,40.698786,-73.805464,412,27,4099990001,208,QN1201
2051283,42896,02/29/2024,Accident,Worker Fell,0,1,2500,BARKER AVENUE,Bronx,4428,7,10467,40.863569,-73.86936,211,15,2044280007,33202,BX1104
3429802,43740,09/13/2024,Accident,Worker Fell,0,1,29,4 STREET,Brooklyn,464,51,11231,40.677701,-73.995158,306,39,3004640051,77,BK0601
1004004,42743,01/24/2024,Incident,Scaffold/Shoring Installations,0,0,62,ORCHARD STREET,Manhattan,309,10,10002,40.716953,-73.990819,103,01,1003090010,16,MN0301
3058215,42995,03/21/2024,Accident,Worker Fell,0,1,71,PRINCE STREET,Brooklyn,2050,100,11201,40.695332,-73.982413,302,35,3020500100,1501,BK0202
3020950,43307,05/29/2024,Incident,Other Construction Related,0,0,426,2 STREET,Brooklyn,975,37,11215,40.672539,-73.981023,306,39,3009750037,135,BK0602
3429285,43351,06/08/2024,Incident,Other Construction Related,0,0,972,REMSEN AVENUE,Brooklyn,7968,43,11236,40.644677,-73.910933,318,42,3079680043,962,BK1803
2129656,42890,02/28/2024,Notification,Other Construction Related,0,0,4720,3 AVENUE,Bronx,3042,13,10458,40.859417,-73.891128,206,15,2030420013,387,BX0603
4617681,42963,03/14/2024,Accident,Material Failure (Fell),0,1,26-03,1 STREET,Queens,915,7501,11102,40.776815,-73.935511,401,22,4009157501,87,QN0102
1057330,42953,03/12/2024,Accident,Other Construction Related,0,1,2875,BROADWAY,Manhattan,1894,52,10025,40.805541,-73.966248,109,07,1018940052,199,MN0901
3429227,43620,08/12/2024,Accident,Worker Fell,0,1,65,DUPONT STREET,Brooklyn,2487,17,11222,40.735668,-73.957396,301,33,3024870017,56301,BK0101
1000007,43375,06/14/2024,Accident,Other Construction Related,0,1,25,WATER STREET,Manhattan,5,10,10004,40.703026,-74.011202,101,01,1000050010,9,MN0101
1023724,42722,01/19/2024,Incident,Mechanical Construction Equipment,0,0,125,WEST 57 STREET,Manhattan,1010,15,10019,40.764727,-73.978142,105,06,1010100015,137,MN0502
1091739,43202,05/01/2024,Accident,Mechanical Construction Equipment,0,1,40,WEST 137 STREET,Manhattan,1734,2,10037,40.814603,-73.938039,110,09,1017340002,212,MN1002
1014167,43272,05/20/2024,Accident,Other Construction Related,0,1,280,8 AVENUE,Manhattan,774,1,10001,40.746043,-73.997928,104,03,1007740001,91,MN0401
4105623,43222,05/06/2024,Incident,Other Construction Related,0,0,14-22,150 STREET,Queens,4660,50,11357,40.788296,-73.813617,407,19,4046600050,981,QN0702
3429633,43315,05/31/2024,Accident,Worker Fell,0,1,164,4 AVENUE,Brooklyn,420,37,11217,40.679223,-73.981829,306,39,3004200037,11901,BK0601
3153886,43191,04/29/2024,Accident,Worker Fell,0,1,8901,SHORE ROAD,Brooklyn,6058,12,11209,40.62316,-74.040648,310,47,3060580012,50,BK1001
1089192,43473,07/03/2024,Accident,Worker Fell,0,1,375,WEST 207 STREET,Manhattan,2188,1,10034,40.863599,-73.916537,112,10,1021880001,299,MN1203
2056371,43659,08/22/2024,Accident,Material Failure (Fell),0,1,777,BURKE AVENUE,Bronx,4603,27,10467,40.871394,-73.863986,212,12,2046030027,372,BX1201
2045727,43698,09/03/2024,Accident,Other Construction Related,0,1,1340,BLONDELL AVENUE,Bronx,4134,1,10461,40.841827,-73.842073,211,13,2041340001,284,BX1161
1091692,43344,06/07/2024,Accident,Worker Fell,0,1,407,WEST 206 STREET,Manhattan,2203,9,10034,40.863178,-73.917911,112,10,1022030009,299,MN1203
4623202,42830,02/15/2024,Notification,Other Construction Related,0,1,35-15,19 AVENUE,Queens,814,10,11105,40.780061,-73.901942,401,22,4008140010,10701,QN0101
1082792,42823,02/14/2024,Accident,Mechanical Construction Equipment,0,1,335,8 AVENUE,Manhattan,751,20,10001,40.747563,-73.996849,104,03,1007510020,97,MN0401
1089192,43610,08/09/2024,Incident,Other Construction Related,0,0,375,WEST 207 STREET,Manhattan,2188,1,10034,40.863599,-73.916537,112,10,1021880001,299,MN1203
3429687,43739,09/13/2024,Accident,Other Construction Related,0,1,488,DEGRAW STREET,Brooklyn,424,1,11217,40.681104,-73.98843,306,39,3004240001,75,BK0601
1021925,43124,04/15/2024,Accident,Other Construction Related,0,1,333,EAST 38 STREET,Manhattan,944,7502,10016,40.746756,-73.972727,106,04,1009447502,78,MN0603
1064218,43619,08/12/2024,Accident,Other Construction Related,0,1,4650,BROADWAY,Manhattan,2175,1,10040,40.862326,-73.929553,112,10,1021750001,287,MN1202
3251678,43121,04/15/2024,Accident,Material Failure (Fell),0,1,470,KENT AVENUE,Brooklyn,2134,1,11249,40.707947,-73.968433,301,33,3021340001,547,BK0102
1040462,43158,04/18/2024,Accident,Worker Fell,0,1,36,SUTTON PLACE SOUTH,Manhattan,1367,20,10022,40.756239,-73.961505,106,04,1013670020,10601,MN0604
2091221,43176,04/24/2024,Accident,Scaffold/Shoring Installations,0,1,300,EAST 158 STREET,Bronx,2416,1,10451,40.823118,-73.917512,201,17,2024160001,69,BX0102
1030307,43107,04/11/2024,Accident,Other Construction Related,0,1,537,WEST 59 STREET,Manhattan,1151,12,10019,40.770899,-73.98874,107,06,1011510012,147,MN0701
1080352,43234,05/09/2024,Accident,Worker Fell,0,1,450,11 AVENUE,Manhattan,708,65,10018,40.757406,-74.000787,104,03,1007080065,9903,MN0401
3429554,43159,04/19/2024,Accident,Other Construction Related,0,1,380,4 AVENUE,Brooklyn,980,77,11215,40.67268,-73.986791,306,39,3009800077,11901,BK0601
1091738,42792,02/05/2024,Accident,Other Construction Related,0,1,280,EAST HOUSTON STREET,Manhattan,397,58,10002,40.721627,-73.984307,103,02,1003977503,3002,MN0303
1087645,43559,07/26/2024,Accident,Other Construction Related,0,1,3880,9 AVENUE,Manhattan,2189,60,10034,40.864118,-73.916764,112,10,1021890060,299,MN1203
1091739,43642,08/17/2024,Accident,Worker Fell,0,1,40,WEST 137 STREET,Manhattan,1734,2,10037,40.814603,-73.938039,110,09,1017340002,212,MN1002
4120003,42907,03/03/2024,Incident,Material Failure (Fell),0,0,189-14,CROCHERON AVENUE,Queens,5307,24,11358,40.763249,-73.792475,411,19,4053070024,1139,QN1101
3000146,43409,06/21/2024,Accident,Other Construction Related,0,1,218,FRONT STREET,Brooklyn,55,20,11201,40.702309,-73.983698,302,33,3000550020,21,BK0202
3429422,43012,03/25/2024,Accident,Worker Fell,0,1,11,OCEAN PARKWAY,Brooklyn,5322,10,11218,40.650632,-73.973191,307,40,3053220010,50401,BK0701
3327888,42886,02/28/2024,Accident,Other Construction Related,0,1,197,STAGG WALK,Brooklyn,3026,1,11206,40.709644,-73.94204,301,34,3030260001,49301,BK0104
3429828,43456,06/29/2024,Incident,Scaffold/Shoring Installations,0,0,5306,9 AVENUE,Brooklyn,5665,41,11220,40.638003,-74.003376,312,43,3056650041,10602,BK1201
3107227,42993,03/20/2024,Accident,Other Construction Related,0,1,600,KINGSTON AVENUE,Brooklyn,4811,1,11203,40.658893,-73.942458,309,40,3048110001,810,BK0902
1014251,43030,03/28/2024,Accident,Worker Fell,0,1,220,WEST 28 STREET,Manhattan,777,18,10001,40.747582,-73.994197,105,03,1007770018,95,MN0501
3429492,42704,01/15/2024,Accident,Worker Fell,0,1,346,AVENUE U,Brooklyn,7127,4,11223,40.597179,-73.971344,315,44,3071270004,396,BK1501
3816613,43413,06/22/2024,Accident,Worker Fell,0,1,97,GLENMORE AVENUE,Brooklyn,3692,1,11212,40.671537,-73.907191,316,37,3036920001,908,BK1602
3022690,43155,04/18/2024,Accident,Material Failure (Fell),0,2,504,10 STREET,Brooklyn,1018,26,11215,40.666803,-73.983148,306,39,3010180026,151,BK0602
1034830,43263,05/15/2024,Accident,Other Construction Related,0,1,718,5 AVENUE,Manhattan,1271,41,10019,40.762204,-73.974536,105,04,1012710041,104,MN0502
2815058,43018,03/26/2024,Accident,Worker Fell,0,1,1555,Story Avenue,Bronx,3653,1,10473,40.822051,-73.874919,209,18,,28,BX0901
1007020,43258,05/14/2024,Accident,Worker Fell,0,1,39,CROSBY STREET,Manhattan,473,7503,10013,40.721351,-73.99908,102,01,1004737503,45,MN0201
1091739,43597,08/06/2024,Accident,Other Construction Related,0,2,40,WEST 137 STREET,Manhattan,1734,2,10037,40.814603,-73.938039,110,09,1017340002,212,MN1002
3251678,42646,01/03/2024,Accident,Mechanical Construction Equipment,0,1,480,KENT AVENUE,Brooklyn,2134,1,11249,40.707373,-73.968411,301,33,3021340001,547,BK0102
4624423,43424,06/24/2024,Incident,Other Construction Related,0,0,42-06,ORCHARD STREET,Queens,265,13,11101,40.74817,-73.938805,402,26,4002650013,1902,QN0201
3426198,43557,07/26/2024,Accident,Worker Fell,0,1,532,NEPTUNE AVENUE,Brooklyn,7273,7501,11224,40.579868,-73.973025,313,48,3072737501,354,BK1302
1034211,42976,03/18/2024,Accident,Material Failure (Fell),0,1,520,5 AVENUE,Manhattan,1259,35,10036,40.754421,-73.980213,105,04,1012590035,96,MN0502
1090634,42803,02/08/2024,Accident,Worker Fell,0,1,36,WEST 38 STREET,Manhattan,839,67,10018,40.751492999999996,-73.984011,105,04,1008390067,84,MN0502
3126513,43073,04/04/2024,Incident,Other Construction Related,0,0,4009,16 AVENUE,Brooklyn,5382,7,11218,40.635957,-73.980378,312,39,3053820007,478,BK1202
3002772,42757,01/29/2024,Incident,Other Construction Related,0,0,179,ATLANTIC AVENUE,Brooklyn,276,13,11201,40.690069,-73.993708,302,33,3002760013,9,BK0201
1091739,43760,09/20/2024,Incident,Material Failure (Fell),0,0,40,WEST 137 STREET,Manhattan,1734,2,10037,40.814603,-73.938039,110,09,1017340002,212,MN1002
4436573,42864,02/22/2024,Accident,Worker Fell,0,1,2-29,50 AVENUE,Queens,17,1,11101,40.743502,-73.95808,402,26,4000170001,101,QN0201
3327682,43576,08/01/2024,Incident,Material Failure (Fell),0,0,1442,44 STREET,Brooklyn,5612,20,11219,40.635889,-73.986013,312,44,3056120020,232,BK1202
3058177,43720,09/09/2024,Accident,Material Failure (Fell),0,1,144,VANDERBILT AVENUE,Brooklyn,2046,84,11205,40.693625,-73.969939,302,35,3020460084,187,BK0203
3146908,42978,03/18/2024,Incident,Other Construction Related,0,0,1039,71 STREET,Brooklyn,5898,68,11228,40.626019,-74.010728,310,38,3058980068,208,BK1002
3171055,43794,10/01/2024,Notification,Other Construction Related,0,0,1277,MCDONALD AVENUE,Brooklyn,6524,55,11230,40.621982,-73.975487,312,44,3065240055,450,BK1204
1089192,43300,05/28/2024,Accident,Worker Fell,0,1,375,WEST 207 STREET,Manhattan,2188,1,10034,40.863599,-73.916537,112,10,1021880001,299,MN1203
2130712,43599,08/06/2024,Incident,Other Construction Related,0,0,779,BURKE AVENUE,Bronx,4603,26,10467,40.871394,-73.863939,212,12,2046030025,372,BX1201
1050357,43372,06/13/2024,Accident,Other Construction Related,0,1,1522,1 AVENUE,Manhattan,1559,50,10075,40.772632,-73.952462,108,05,1015590001,13603,MN0803
4619459,42690,01/12/2024,Accident,Worker Fell,0,1,23-15,44 ROAD,Queens,436,1,11101,40.748365,-73.944557,402,26,4004360001,1903,QN0201
3339963,43764,09/20/2024,Accident,Scaffold/Shoring Installations,0,1,275,79 STREET,Brooklyn,5968,52,11209,40.628777,-74.029833,310,47,3059680052,64,BK1001
4624423,43296,05/28/2024,Accident,Worker Fell,0,1,42-06,ORCHARD STREET,Queens,265,13,11101,40.74817,-73.938805,402,26,4002650013,1902,QN0201
3425050,43512,07/16/2024,Accident,Worker Fell,0,1,350,Kent Ave,Brooklyn,2414,7502,11249,40.712706,-73.967694,301,33,3024147502,551,BK0102
3429214,42851,02/20/2024,Accident,Worker Fell,0,1,955,STERLING PLACE,Brooklyn,1242,70,11213,40.672347,-73.946733,308,36,3012427501,341,BK0802
1089807,43131,04/15/2024,Accident,Worker Fell,0,1,76,11 AVENUE,Manhattan,689,17,10011,40.745183,-74.008236,104,03,1006897501,9901,MN0401
3192734,42923,03/07/2024,Accident,Other Construction Related,0,1,2102,EAST 1 STREET,Brooklyn,7127,9,11223,40.59705,-73.970523,315,44,3071270009,396,BK1501
4619459,42708,01/16/2024,Accident,Worker Fell,0,1,23-15,44 ROAD,Queens,436,1,11101,40.748365,-73.944557,402,26,4004360001,1903,QN0201
1001357,43288,05/23/2024,Accident,Worker Fell,0,1,1,PACE PLAZA,Manhattan,102,1,10038,40.711909,-74.005843,101,01,1001020001,1501,MN0101
4624423,43635,08/15/2024,Accident,Worker Fell,0,1,42-06,ORCHARD STREET,Queens,265,13,11101,40.74817,-73.938805,402,26,4002650013,1902,QN0201
2008327,43229,05/08/2024,Accident,Material Failure (Fell),0,1,1550,INWOOD AVENUE,Bronx,2859,30,10452,40.844082,-73.916359,204,16,2028590030,209,BX0403
4047331,43406,06/20/2024,Incident,Other Construction Related,0,0,98-17,HORACE HARDING EXPRESSWAY,Queens,1918,95,11368,40.73552,-73.860392,404,21,4019180095,455,QN0402
3429397,43677,08/27/2024,Notification,Worker Fell,0,1,705,FRANKLIN AVENUE,Brooklyn,1231,1,11238,40.674468,-73.956584,308,35,3012310001,221,BK0802
4047330,43233,05/08/2024,Accident,Worker Fell,0,1,98-25,HORACE HARDING EXPRESSWAY,Queens,1918,90,11368,40.735687,-73.859814,404,21,4019180090,455,QN0402
1091783,43246,05/10/2024,Accident,Worker Fell,0,1,133,EAST 55 STREET,Manhattan,1310,14,10022,40.75973,-73.970303,105,04,1013100014,100,MN0604
1089192,42797,02/07/2024,Accident,Mechanical Construction Equipment,0,1,3875,9 AVENUE,Manhattan,2188,1,10034,40.86403,-73.916804,112,10,1021880001,299,MN1203
3045807,42882,02/27/2024,Incident,Other Construction Related,0,0,654,JEFFERSON AVENUE,Brooklyn,1656,17,11221,40.685418,-73.93142,303,36,3016560017,295,BK0302
1061356,43567,07/30/2024,Accident,Worker Fell,0,1,410,WEST 126 STREET,Manhattan,2060,40,10027,40.812239,-73.954005,109,07,1019660077,20901,MN0901
1091635,42783,02/02/2024,Accident,Worker Fell,0,1,600,WEST 125 STREET,Manhattan,1995,26,10027,40.815974,-73.958569,109,07,1019950026,211,MN0901
1034211,43291,05/24/2024,Accident,Worker Fell,0,1,520,5 AVENUE,Manhattan,1259,35,10036,40.754421,-73.980213,105,04,1012590035,96,MN0502
3007353,43006,03/23/2024,Accident,Worker Fell,0,1,499,PRESIDENT STREET,Brooklyn,440,47,11215,40.678027,-73.986657,306,39,3004400001,11901,BK0601
3192734,43606,08/08/2024,Accident,Worker Fell,0,1,2102,EAST 1 STREET,Brooklyn,7127,9,11223,40.59705,-73.970523,315,44,3071270009,396,BK1501
3000370,42795,02/06/2024,Accident,Other Construction Related,0,1,9,DE KALB AVENUE,Brooklyn,149,100,11201,40.689985,-73.98254,302,33,3001497503,1502,BK0202
2805203,42775,02/01/2024,Accident,Mechanical Construction Equipment,0,1,101,EAST 150 STREET,Bronx,2354,1,10451,40.820236,-73.929612,204,08,,6301,BX0401
3173506,43108,04/11/2024,Incident,Other Construction Related,0,0,1597,MCDONALD AVENUE,Brooklyn,6583,1,11230,40.613915,-73.973963,312,44,3065830001,440,BK1204
3429585,43838,10/15/2024,Notification,Other Construction Related,0,1,420,CARROLL STREET,Brooklyn,453,1,11215,40.677917,-73.988488,306,39,3004530001,11901,BK0601
1038655,42703,01/15/2024,Accident,Mechanical Construction Equipment,0,1,25,TUDOR CITY PLACE,Manhattan,1334,22,10017,40.748545,-73.970799,106,04,1013340022,88,MN0603
3429272,43264,05/17/2024,Incident,Material Failure (Fell),0,0,18,INDIA STREET,Brooklyn,2538,1,11222,40.731774,-73.9604,301,33,3025380001,565,BK0101
3029709,42966,03/14/2024,Accident,Material Failure (Fell),0,1,931,CARROLL STREET,Brooklyn,1188,58,11225,40.668183,-73.959685,309,35,3011880058,213,BK0901
2129483,43757,09/19/2024,Incident,Mechanical Construction Equipment,0,0,2680,MORRIS AVENUE,Bronx,3316,11,10468,40.867472,-73.895959,207,14,2033160011,40304,BX0702
2000140,43763,09/20/2024,Accident,Worker Fell,0,1,91,BRUCKNER BOULEVARD,Bronx,2278,1,10454,40.805639,-73.924596,201,08,2022780001,1902,BX0101
3000605,43664,08/23/2024,Accident,Other Construction Related,0,1,275,ATLANTIC AVENUE,Brooklyn,175,1,11201,40.688896,-73.989969,302,33,3001750001,43,BK0202
1091789,43493,07/10/2024,Accident,Worker Fell,0,1,648,WEST 48 STREET,Manhattan,1095,11,10036,40.765045,-73.996552,104,03,1010950011,12902,MN0402
3017393,43621,08/12/2024,Incident,Other Construction Related,0,0,292,20 STREET,Brooklyn,891,34,11215,40.660872,-73.991137,307,39,3008910034,145,BK0702
3106599,43363,06/10/2024,Incident,Excavation/Soil Work,0,0,532,ALBANY AVENUE,Brooklyn,4794,26,11203,40.661886,-73.93994,309,40,3047940026,806,BK0902
2023709,42716,01/18/2024,Accident,Worker Fell,0,1,1120,Bronx River Avenue,Bronx,3735,12,10472,40.825987,-73.883399,209,17,2037350012,52,BX0901
4136569,42698,01/14/2024,Incident,Scaffold/Shoring Installations,0,0,36-43,BELL BOULEVARD,Queens,6176,47,11361,40.767766,-73.773147,411,19,4061760047,1123,QN1102
3251678,42789,02/05/2024,Accident,Material Failure (Fell),0,1,490,KENT AVENUE,Brooklyn,2134,1,11249,40.70697,-73.968397,301,33,3021340001,547,BK0102
3345008,43393,06/18/2024,Accident,Other Construction Related,0,1,201,SCHOLES STREET,Brooklyn,3027,1,11206,40.708995,-73.94129,301,34,3030270001,49301,BK0104
1085735,43500,07/11/2024,Accident,Other Construction Related,0,1,200,PARK AVENUE,Manhattan,1280,9010,10017,40.754162,-73.976557,105,04,1012809010,92,MN0604
2130688,43558,07/26/2024,Incident,Mechanical Construction Equipment,0,0,2060,BARTOW AVENUE,Bronx,5141,1085,10475,40.86948,-73.828246,210,12,2051411085,46205,BX1004
1064218,43173,04/23/2024,Accident,Other Construction Related,0,1,4650,BROADWAY,Manhattan,2175,1,10040,40.862326,-73.929553,112,10,1021750001,287,MN1202
3006610,42903,03/02/2024,Incident,Mechanical Construction Equipment,0,0,251,DOUGLAS STREET,Brooklyn,412,50,11217,40.680708,-73.985308,306,39,3004120050,127,BK0601
3071075,42909,03/04/2024,Incident,Other Construction Related,0,0,59,MONTROSE AVENUE,Brooklyn,3050,36,11206,40.706918,-73.947578,301,34,3030500036,511,BK0104
2003157,43171,04/22/2024,Incident,Worker Fell,0,1,1182,WOODYCREST AVENUE,Bronx,2510,3,10452,40.836723,-73.924835,204,16,2025100003,199,BX0402
3054191,42917,03/06/2024,Incident,Excavation/Soil Work,0,0,67,TAAFFE PLACE,Brooklyn,1883,7,11205,40.69691,-73.960735,303,33,3018830007,1237,BK0301
3255576,42973,03/17/2024,Incident,Other Construction Related,0,0,4024,12 AVENUE,Brooklyn,5588,45,11218,40.641217,-73.989266,312,39,3055880045,224,BK1202
4620885,43183,04/26/2024,Accident,Worker Fell,0,1,26-32,JACKSON AVENUE,Queens,267,21,11101,40.747551,-73.94113,402,26,4002670021,1902,QN0201
1038656,43252,05/13/2024,Incident,Scaffold/Shoring Installations,0,0,320,EAST 42 STREET,Manhattan,1334,41,10017,40.749514,-73.971481,106,04,1013340041,88,MN0603
1087587,43415,06/22/2024,Notification,Other Construction Related,0,1,711,12 AVENUE,Manhattan,1109,101,10019,40.767496,-73.996267,104,03,1011090101,13501,MN0402
1083026,43827,10/11/2024,Accident,Mechanical Construction Equipment,0,1,2,PENN PLAZA,Manhattan,781,2,10121,40.750017,-73.991345,105,03,1007810002,101,MN0501
1054026,42652,01/04/2024,Accident,Worker Fell,0,1,2023,5 AVENUE,Manhattan,1750,1,10035,40.806511,-73.942179,111,09,1017500001,198,MN1102
3429267,43230,05/08/2024,Accident,Worker Fell,0,1,60,CEDAR STREET,Brooklyn,3232,5,11221,40.69721,-73.927329,304,34,3032320005,423,BK0401
1091646,42725,01/19/2024,Accident,Worker Fell,0,1,212,WEST 124 STREET,Manhattan,1929,158,10027,40.808595,-73.949557,110,09,1019290057,222,MN1001
2005352,43317,05/31/2024,Accident,Worker Fell,0,1,889,DAWSON STREET,Bronx,2697,1,10459,40.81977,-73.897624,202,17,2026970001,87,BX0202
3429317,43275,05/20/2024,Accident,Worker Fell,0,1,89,DEKALB AVENUE,Brooklyn,2085,15,11201,40.689883,-73.979793,302,35,,3101,BK0203
3255289,43023,03/26/2024,Accident,Other Construction Related,0,1,2940,WEST 15 STREET,Brooklyn,7063,12,11224,40.576271,-73.982552,313,47,3070630012,348,BK1302
3188894,43731,09/11/2024,Accident,Scaffold/Shoring Installations,0,1,2832,WEST 23 STREET,Brooklyn,7015,15,11224,40.57762,-73.990378,313,47,3070150015,326,BK1302
1045212,42774,02/01/2024,Accident,Worker Fell,0,1,1487,1 AVENUE,Manhattan,1452,27,10075,40.771378,-73.953405,108,05,1014520027,134,MN0801
3344982,42790,02/05/2024,Accident,Other Construction Related,0,1,223,TEN EYCK WALK,Brooklyn,3027,1,11206,40.710527,-73.940664,301,34,3030270001,49301,BK0104
1088394,43803,10/03/2024,Accident,Worker Fell,0,1,125,WHITE STREET,Manhattan,167,1,10013,40.716715,-74.000346,101,01,1001670001,2901,MN0102
2817041,43430,06/25/2024,Accident,Worker Fell,0,1,1010,WASHINGTON AVENUE,Bronx,2369,10,10456,40.826343,-73.909635,203,16,2023690010,18501,BX0301
1013043,43354,06/08/2024,Accident,Material Failure (Fell),0,1,111,8 AVENUE,Manhattan,739,1,10011,40.740704,-74.001844,104,03,1007390001,83,MN0401
3061068,43705,09/05/2024,Accident,Worker Fell,0,1,316,RUTLEDGE STREET,Brooklyn,2228,16,11211,40.705427,-73.951825,301,33,3022280016,529,BK0103
2128965,43436,06/26/2024,Accident,Worker Fell,0,1,1001,WHITLOCK AVENUE,Bronx,2756,85,10459,40.823427,-73.887057,202,17,2027560085,119,BX0202
4624981,42842,02/19/2024,Accident,Worker Fell,0,1,143-06,135 AVENUE,Queens,12099,30,11436,40.668292,-73.796008,412,28,4120990030,792,QN1203
1001027,42928,03/08/2024,Accident,Material Failure (Fell),0,1,140,BROADWAY,Manhattan,48,1,10005,40.709043,-74.010626,101,01,1000480001,7,MN0101
1009006,43791,10/01/2024,Accident,Worker Fell,0,1,808,BROADWAY,Manhattan,557,7501,10003,40.732621,-73.991232,102,02,1005577501,61,MN0202
3429327,43434,06/26/2024,Accident,Other Construction Related,0,1,625,FULTON STREET,Brooklyn,2094,1,11201,40.688566,-73.980045,302,35,3020940001,33,BK0203
4003416,42937,03/11/2024,Accident,Other Construction Related,0,1,31-28,northern blvd,Queens,239,111,11101,40.751719,-73.933283,401,26,4002390111,17102,QN0161
3429090,43555,07/25/2024,Accident,Material Failure (Fell),0,1,305,CHESTER STREET,Brooklyn,3560,1,11212,40.664368,-73.910337,316,41,3035600001,924,BK1602
3429346,43450,06/28/2024,Accident,Worker Fell,0,1,381,VAN BRUNT STREET,Brooklyn,587,1,11231,40.676339,-74.014075,306,38,3005870001,5301,BK0601
3395377,42747,01/25/2024,Accident,Worker Fell,0,1,16,DUPONT STREET,Brooklyn,2494,6,11222,40.735419,-73.95985,301,33,3024940006,56302,BK0101
3076057,42771,01/31/2024,Accident,Worker Fell,0,1,1333,BROADWAY,Brooklyn,3321,152,11221,40.690065,-73.923046,304,37,3033210152,397,BK0402
3007353,43381,06/14/2024,Accident,Worker Fell,0,1,499,PRESIDENT STREET,Brooklyn,440,47,11215,40.678027,-73.986657,306,39,3004400001,11901,BK0601
1084081,43305,05/28/2024,Notification,Mechanical Construction Equipment,0,0,160,CONVENT AVENUE,Manhattan,1957,200,10031,40.819196,-73.950221,109,09,1019570200,21703,MN0902
3140722,43213,05/05/2024,Incident,Other Construction Related,0,0,5812,13 AVENUE,Brooklyn,5704,43,11219,40.629859,-73.997503,312,44,3057040043,192,BK1202
4620900,42732,01/22/2024,Accident,Worker Fell,0,1,72-01,QUEENS BOULEVARD,Queens,1352,125,11377,40.739401,-73.891208,402,26,4013520125,485,QN0401
2128965,43326,06/03/2024,Accident,Worker Fell,0,1,1001,WHITLOCK AVENUE,Bronx,2756,85,10459,40.823427,-73.887057,202,17,2027560085,119,BX0202
3429402,43639,08/16/2024,Accident,Worker Fell,0,1,570,FULTON STREET,Brooklyn,2106,35,11217,40.688373,-73.979605,302,35,3021060035,33,BK0203
1091704,43808,10/07/2024,Accident,Worker Fell,0,1,162,EAST 36 STREET,Manhattan,891,44,10016,40.747185,-73.977628,106,04,1008910044,80,MN0603
1085694,43741,09/13/2024,Accident,Other Construction Related,0,1,540,1 AVENUE,Manhattan,962,108,10016,40.742066,-73.974757,106,04,1009620108,62,MN0603
2007580,43598,08/06/2024,Accident,Other Construction Related,0,1,1840,ANTHONY AVENUE,Bronx,2803,2,10457,40.847574,-73.903653,205,15,2028030002,23302,BX0502
1087651,43800,10/03/2024,Incident,Other Construction Related,0,0,10,WEST END AVENUE,Manhattan,1151,7502,10023,40.771986,-73.990169,107,06,1011517502,147,MN0701
4624047,42824,02/14/2024,Accident,Worker Fell,0,1,10-20,BORDEN AVENUE,Queens,37,7,11101,40.741194,-73.953794,402,26,,104,QN0201
3251678,43104,04/11/2024,Accident,Other Construction Related,0,1,470,KENT AVENUE,Brooklyn,2134,1,11249,40.707947,-73.968433,301,33,3021340001,547,BK0102
1001021,43711,09/06/2024,Accident,Mechanical Construction Equipment,0,1,28,LIBERTY STREET,Manhattan,44,1,10005,40.708115,-74.008768,101,01,1000440001,7,MN0101
4136294,42718,01/18/2024,Incident,Other Construction Related,0,0,36-38,209 STREET,Queens,6160,25,11361,40.766168,-73.778401,411,19,4061600025,1129,QN1102
4624493,43501,07/12/2024,Accident,Worker Fell,0,1,126-55,39 AVENUE,Queens,1833,135,11368,40.756726,-73.841343,407,21,4018330135,38301,QN0707
4623357,42870,02/23/2024,Accident,Worker Fell,0,1,51-19,BEACH CHANNEL DRIVE,Queens,15843,1,11691,40.595204,-73.782638,414,31,4158430001,97204,QN1402
1048273,43638,08/16/2024,Accident,Worker Fell,0,1,150,EAST 91 STREET,Manhattan,1519,50,10128,40.782533,-73.952924,108,05,1015190050,14802,MN0802
3429227,43516,07/16/2024,Accident,Worker Fell,0,1,65,DUPONT STREET,Brooklyn,2487,17,11222,40.735668,-73.957396,301,33,3024870017,56301,BK0101
3251678,43647,08/19/2024,Accident,Worker Fell,0,1,480,KENT AVENUE,Brooklyn,2134,1,11249,40.707373,-73.968411,301,33,3021340001,547,BK0102
5046954,43349,06/07/2024,Incident,Excavation/Soil Work,0,0,36,WILSON STREET,Staten Island,3191,102,10304,40.597449,-74.090804,502,50,5031910102,9601,SI0201
3429855,43839,10/15/2024,Notification,Other Construction Related,0,1,452,THOMAS BOYLAND STREET,Brooklyn,3496,4,11212,40.669906,-73.913755,316,41,,902,BK1602
4619459,43241,05/09/2024,Accident,Worker Fell,0,1,23-15,44 ROAD,Queens,436,1,11101,40.748365,-73.944557,402,26,4004360001,1903,QN0201
3429721,42739,01/23/2024,Incident,Excavation/Soil Work,0,0,147,BAY 11 STREET,Brooklyn,6396,14,11228,40.607681,-74.010999,311,50,,172,BK1102
1076193,42850,02/20/2024,Incident,Other Construction Related,0,0,1585,BROADWAY,Manhattan,1019,7502,10036,40.760216,-73.985334,105,03,1010197502,125,MN0502
2057045,43211,05/03/2024,Accident,Material Failure (Fell),0,1,800,EAST GUN HILL ROAD,Bronx,4633,40,10467,40.875953,-73.86197,212,12,2046330040,372,BX1201
1091739,43184,04/26/2024,Incident,Material Failure (Fell),0,0,40,WEST 137 STREET,Manhattan,1734,2,10037,40.814603,-73.938039,110,09,1017340002,212,MN1002
1009429,43522,07/17/2024,Accident,Other Construction Related,0,1,20,5 AVENUE,Manhattan,572,38,10011,40.732893,-73.996323,102,02,1005720038,63,MN0202
3429214,43250,05/13/2024,Accident,Material Failure (Fell),0,1,955,STERLING PLACE,Brooklyn,1242,70,11213,40.672347,-73.946733,308,36,3012427501,341,BK0802
4548919,43541,07/22/2024,Incident,Other Construction Related,0,0,35-09,JUNCTION BOULEVARD,Queens,1737,58,11368,40.753055,-73.871634,403,21,4017370058,37502,QN0303
4619459,43669,08/26/2024,Accident,Other Construction Related,0,1,23-15,44 ROAD,Queens,436,1,11101,40.748365,-73.944557,402,26,4004360001,1903,QN0201
3332221,43492,07/10/2024,Accident,Other Construction Related,0,1,465,COLUMBIA STREET,Brooklyn,538,1,11231,40.676375,-74.006861,306,38,3005380001,85,BK0601
3116905,42930,03/08/2024,Accident,Worker Fell,0,1,158,MARTENSE STREET,Brooklyn,5090,35,11226,40.651471,-73.95386,317,40,3050900035,822,BK1701
3428561,43236,05/09/2024,Accident,Mechanical Construction Equipment,0,1,1215,FULTON STREET,Brooklyn,1842,15,11216,40.680609,-73.952845,303,36,3018420015,245,BK0301
3327107,43050,04/01/2024,Accident,Worker Fell,0,1,2886,ATLANTIC AVENUE,Brooklyn,3965,11,11207,40.677116,-73.887853,305,37,3039650011,1170,BK0501
1034211,43734,09/12/2024,Accident,Worker Fell,0,1,520,5 AVENUE,Manhattan,1259,35,10036,40.754421,-73.980213,105,04,1012590035,96,MN0502
1090832,42988,03/20/2024,Incident,Other Construction Related,0,0,125,GREENWICH STREET,Manhattan,51,14,10006,40.709174,-74.013057,101,01,1000510014,13,MN0101
3128514,42799,02/07/2024,Incident,Excavation/Soil Work,0,0,1611,46 STREET,Brooklyn,5434,83,11204,40.632397,-73.983211,312,44,3054340083,476,BK1202
1044092,43502,07/12/2024,Accident,Other Construction Related,0,1,1345,3 AVENUE,Manhattan,1431,46,10075,40.772846,-73.958332,108,05,1014310046,134,MN0801
3058228,43428,06/25/2024,Accident,Other Construction Related,0,1,111,WILLOUGHBY STREET,Brooklyn,2058,47,11201,40.69214,-73.984628,302,33,3020580047,1502,BK0202
4620885,43199,05/01/2024,Accident,Worker Fell,0,1,26-32,JACKSON AVENUE,Queens,267,21,11101,40.747551,-73.94113,402,26,4002670021,1902,QN0201
4436927,42895,02/29/2024,Accident,Worker Fell,0,1,44-01,NORTHERN BOULEVARD,Queens,704,1,11101,40.753677,-73.918732,401,22,4007040001,159,QN0104
1009430,43151,04/18/2024,Incident,Excavation/Soil Work,0,0,16,5 AVENUE,Manhattan,572,41,10011,40.732624,-73.996092,102,02,1005720041,63,MN0202
1008832,42878,02/27/2024,Incident,Scaffold/Shoring Installations,0,0,1,UNIVERSITY PLACE,Manhattan,548,1,10003,40.730785,-73.995486,102,02,1005480001,59,MN0202
3831411,43679,08/27/2024,Incident,Other Construction Related,0,0,502,WILSON AVENUE,Brooklyn,3397,36,11221,40.692153,-73.910711,304,37,3033970036,413,BK0402
2014932,43609,08/09/2024,Accident,Other Construction Related,0,1,2275,LORING PLACE,Bronx,3225,77,10468,40.861175,-73.908825,207,14,2032250077,255,BX0701
2129342,43613,08/09/2024,Incident,Mechanical Construction Equipment,0,0,1746,ANDREWS AVENUE SOUTH,Bronx,2878,183,10453,40.85037,-73.917222,205,14,2028780183,21501,BX0501
3429317,43771,09/25/2024,Accident,Worker Fell,0,1,85,DEKALB AVENUE,Brooklyn,2085,15,11201,40.689889,-73.979937,302,35,3020860034,3101,BK0203
3012902,43497,07/10/2024,Accident,Worker Fell,0,1,329,50 STREET,Brooklyn,782,56,11220,40.6472,-74.013777,307,38,3007820056,78,BK0702
2045727,43206,05/02/2024,Accident,Other Construction Related,0,1,1340,BLONDELL AVENUE,Bronx,4134,1,10461,40.841827,-73.842073,211,13,2041340001,284,BX1161
4436573,43111,04/12/2024,Accident,Worker Fell,0,1,2-29,50 AVENUE,Queens,17,1,11101,40.743502,-73.95808,402,26,4000170001,101,QN0201
5022434,43059,04/03/2024,Incident,Other Construction Related,0,0,5,DALEMERE ROAD,Staten Island,869,235,10304,40.597763,-74.101705,502,50,5008690235,17701,SI0203
3428579,43656,08/22/2024,Accident,Excavation/Soil Work,0,1,609,OSBORN STREET,Brooklyn,3628,9,11212,40.656983,-73.90555,316,42,3036280009,920,BK1602
3135716,42810,02/11/2024,Incident,Other Construction Related,0,0,4119,13 AVENUE,Brooklyn,5594,3,11219,40.639345,-73.987612,312,39,3055940003,232,BK1202
2129656,43113,04/12/2024,Accident,Worker Fell,0,1,4720,3 AVENUE,Bronx,3042,13,10458,40.859417,-73.891128,206,15,2030420013,387,BX0603
3042822,43819,10/09/2024,Incident,Other Construction Related,0,0,27,MARCUS GARVEY BOULEVARD,Brooklyn,1579,3,11206,40.698807,-73.941194,303,36,3015790003,28501,BK0302
1080074,43153,04/18/2024,Accident,Material Failure (Fell),0,1,40,EAST 4 STREET,Manhattan,531,37,10003,40.727337,-73.992073,102,02,1005310037,5502,MN0202
1082732,43665,08/23/2024,Accident,Scaffold/Shoring Installations,0,1,484,2 AVENUE,Manhattan,934,1,10016,40.740581,-73.978925,106,02,1009340001,66,MN0603
1028168,43161,04/19/2024,Accident,Worker Fell,0,1,36,WEST 66 STREET,Manhattan,1118,45,10023,40.772885,-73.979865,107,06,1011180045,149,MN0701
3325287,43369,06/12/2024,Incident,Other Construction Related,0,0,88,STARR STREET,Brooklyn,3197,17,11237,40.702097,-73.926076,304,34,3031970017,429,BK0401
2130622,43126,04/15/2024,Accident,Material Failure (Fell),0,1,97,WEST 169 STREET,Bronx,2519,27,10452,40.839538,-73.923177,204,16,,211,BX0402
1030307,43542,07/22/2024,Accident,Excavation/Soil Work,0,1,537,WEST 59 STREET,Manhattan,1151,12,10019,40.770899,-73.98874,107,06,1011510012,147,MN0701
1033691,42837,02/17/2024,Accident,Worker Fell,0,1,720,WEST END AVENUE,Manhattan,1243,1,10025,40.794723,-73.973581,107,07,1012430001,183,MN0702
3326746,43346,06/07/2024,Accident,Worker Fell,0,1,2700,ATLANTIC AVENUE,Brooklyn,3689,12,11207,40.675937,-73.894603,305,37,3036890012,1198,BK0502
2130961,43411,06/21/2024,Accident,Worker Fell,0,1,120,EAST 144 STREET,Bronx,2344,112,10451,40.816951,-73.929876,201,08,2023440112,6301,BX0401
3141047,43134,04/15/2024,Accident,Worker Fell,0,1,1271,60 STREET,Brooklyn,5711,48,11219,40.629319,-73.999308,312,44,3057110048,192,BK1202
4209632,42856,02/21/2024,Accident,Scaffold/Shoring Installations,0,1,166-20,90 AVENUE,Queens,9796,63,11432,40.70729,-73.794633,412,27,4097960063,460,QN1201
3251678,43414,06/22/2024,Accident,Worker Fell,0,1,470,KENT AVENUE,Brooklyn,2134,1,11249,40.707947,-73.968433,301,33,3021340001,547,BK0102
2130685,43671,08/26/2024,Accident,Mechanical Construction Equipment,0,1,221 D,MANIDA STREET,Bronx,2777,100,10474,40.805223,-73.885975,202,17,2027770100,9302,BX0201
3428561,43331,06/04/2024,Accident,Worker Fell,0,1,1215,Fulton street,Brooklyn,1842,15,11216,40.680609,-73.952845,303,36,3018420015,245,BK0301
3000011,43390,06/17/2024,Accident,Worker Fell,0,1,167,PLYMOUTH STREET,Brooklyn,20,1,11201,40.703756,-73.986309,302,33,3000200001,21,BK0202
1008961,43737,09/12/2024,Incident,Other Construction Related,0,0,90,EAST 10 STREET,Manhattan,555,124,10003,40.730932,-73.989573,103,02,1005550124,42,MN0303
1080352,43607,08/08/2024,Accident,Other Construction Related,0,1,450,11 AVENUE,Manhattan,708,65,10018,40.757406,-74.000787,104,03,1007080065,9903,MN0401
3007353,42706,01/16/2024,Accident,Worker Fell,0,1,499,PRESIDENT STREET,Brooklyn,440,47,11215,40.678027,-73.986657,306,39,3004400001,11901,BK0601
1014167,43777,09/27/2024,Accident,Worker Fell,0,1,280,8 AVENUE,Manhattan,774,1,10001,40.746043,-73.997928,104,03,1007740001,91,MN0401
1033105,43127,04/15/2024,Accident,Worker Fell,0,1,211,WEST 84 STREET,Manhattan,1232,14,10024,40.786594,-73.976488,107,06,1012320014,171,MN0702
1016876,43197,04/30/2024,Accident,Worker Fell,0,1,11,EAST 26 STREET,Manhattan,856,9,10010,40.743188,-73.98755,105,03,1008560009,56,MN0501
4003495,43506,07/15/2024,Accident,Other Construction Related,0,1,43-14,QUEENS STREET,Queens,266,27,11101,40.747075,-73.939149,402,26,4002660027,1902,QN0201
1083616,43129,04/15/2024,Accident,Scaffold/Shoring Installations,0,1,321,WEST 38 STREET,Manhattan,762,23,10018,40.755067,-73.992456,104,03,1007620023,115,MN0402
1015733,43099,04/09/2024,Accident,Other Construction Related,0,1,262,5 AVENUE,Manhattan,830,44,10001,40.745081,-73.987019,105,03,1008300044,76,MN0501
2045727,43748,09/16/2024,Accident,Material Failure (Fell),0,1,1340,BLONDELL AVENUE,Bronx,4134,1,10461,40.841827,-73.842073,211,13,2041340001,284,BX1161
3096591,43503,07/12/2024,Incident,Other Construction Related,0,0,674,WYONA STREET,Brooklyn,4301,22,11207,40.661981,-73.88994,305,42,3043010022,1128,BK0503
3058868,43529,07/18/2024,Notification,Excavation/Soil Work,0,0,39,SOUTH PORTLAND AVENUE,Brooklyn,2100,14,11217,40.688422,-73.974846,302,35,3021000014,181,BK0203
3333397,43540,07/22/2024,Incident,Material Failure (Fell),0,0,315,SUTTER AVENUE,Brooklyn,3526,21,11212,40.667437,-73.90821,316,41,3035260021,906,BK1602
1084612,42987,03/20/2024,Accident,Material Failure (Fell),0,1,59,HENRY STREET,Manhattan,280,15,10002,40.71299,-73.994939,103,01,1002800015,8,MN0301
4624423,43265,05/17/2024,Incident,Other Construction Related,0,0,42-06,ORCHARD STREET,Queens,265,13,11101,40.74817,-73.938805,402,26,4002650013,1902,QN0201
3426078,43563,07/29/2024,Accident,Worker Fell,0,1,85,GATEWAY DRIVE,Brooklyn,4452,231,11239,40.654028,-73.877779,305,42,3044520231,107001,BK0504
1091635,42764,01/30/2024,Accident,Worker Fell,0,1,600,WEST 125 STREET,Manhattan,1995,26,10027,40.815974,-73.958569,109,07,1019950026,211,MN0901
3426198,43554,07/25/2024,Accident,Worker Fell,0,1,532,NEPTUNE AVENUE,Brooklyn,7273,7501,11224,40.579868,-73.973025,313,48,3072737501,354,BK1302
1046252,43016,03/26/2024,Accident,Material Failure (Fell),0,1,510,EAST 62 STREET,Manhattan,1474,40,10065,40.760459,-73.958196,108,05,1014740040,10602,MN0801
3429272,43215,05/06/2024,Accident,Worker Fell,0,1,18,INDIA STREET,Brooklyn,2538,1,11222,40.731774,-73.9604,301,33,3025380001,565,BK0101
1028168,43340,06/06/2024,Incident,Other Construction Related,0,0,36,WEST 66 STREET,Manhattan,1118,45,10023,40.772885,-73.979865,107,06,1011180045,149,MN0701
4436926,43733,09/12/2024,Accident,Worker Fell,0,1,34-35,44 STREET,Queens,704,1,11101,40.754212,-73.918442,401,22,4007040001,159,QN0104
1052167,43775,09/26/2024,Accident,Worker Fell,0,1,174,EAST 110 STREET,Manhattan,1637,141,10029,40.794317,-73.94327,111,08,1016370141,172,MN1101
1022581,43688,08/30/2024,Accident,Worker Fell,0,1,1,TIMES SQUARE,Manhattan,995,1,10036,40.756628,-73.986287,105,03,1009950001,119,MN0502
3335795,42785,02/03/2024,Accident,Other Construction Related,0,1,350,KENT AVENUE,Brooklyn,2414,1,11249,40.712706,-73.967694,301,33,3024147502,551,BK0102
1088749,43449,06/28/2024,Accident,Other Construction Related,0,1,1,EAST 23 STREET,Manhattan,853,2,10010,40.74078,-73.987741,105,02,1008530002,56,MN0501
3038668,43287,05/23/2024,Accident,Other Construction Related,0,1,2435,PACIFIC STREET,Brooklyn,1437,46,11233,40.675235,-73.904872,316,37,3014370046,36502,BK1601
3429267,43366,06/11/2024,Accident,Worker Fell,0,1,60,CEDAR STREET,Brooklyn,3232,5,11221,40.69721,-73.927329,304,34,3032320005,423,BK0401
3058215,42996,03/21/2024,Incident,Scaffold/Shoring Installations,0,1,71,PRINCE STREET,Brooklyn,2050,100,11201,40.695332,-73.982413,302,35,3020500100,1501,BK0202
4048639,43072,04/04/2024,Incident,Material Failure (Fell),0,0,45-12,104 STREET,Queens,1980,33,11368,40.746858,-73.860166,404,21,4019800033,413,QN0402
4437366,43487,07/09/2024,Accident,Other Construction Related,0,1,48-37,48 STREET,Queens,2292,7,11377,40.738775,-73.917667,402,26,4022920007,23501,QN0202
1006998,42682,01/10/2024,Incident,Other Construction Related,0,0,188,GRAND STREET,Manhattan,471,59,10013,40.719292,-73.997172,102,01,1004710059,41,MN0201
1081137,43564,07/29/2024,Accident,Worker Fell,0,1,14,WEST 57 STREET,Manhattan,1272,47,10019,40.763282,-73.974742,105,04,1012720047,11201,MN0502
4441727,43368,06/12/2024,Accident,Worker Fell,0,1,28-90,REVIEW AVENUE,Queens,294,106,11101,40.738263,-73.940676,402,26,4002940106,19902,QN0202
1091777,42649,01/03/2024,Accident,Material Failure (Fell),0,1,740,8 AVENUE,Manhattan,1017,1,10036,40.759546,-73.988095,105,03,1010170001,119,MN0502
3321834,43756,09/18/2024,Incident,Material Failure (Fell),0,0,2930,WEST 30 STREET,Brooklyn,7050,1,11224,40.573621,-73.996127,313,47,3070500001,342,BK1302
4263101,43274,05/20/2024,Accident,Excavation/Soil Work,0,2,133-28,150 STREET,Queens,12116,50,11436,40.667813,-73.789258,412,28,4121160050,788,QN1203
2130734,43623,08/12/2024,Accident,Other Construction Related,0,1,1,ORCHARD BEACH,Bronx,5650,1,10464,40.867456,-73.797494,228,13,2056500001,504,BX2891
3192980,43443,06/27/2024,Incident,Excavation/Soil Work,0,0,2118,OCEAN PARKWAY,Brooklyn,7132,17,11223,40.59724,-73.965377,315,44,3071320017,394,BK1501
4624423,43225,05/07/2024,Incident,Other Construction Related,0,0,42-06,ORCHARD STREET,Queens,265,13,11101,40.74817,-73.938805,402,26,4002650013,1902,QN0201
2817041,43382,06/14/2024,Accident,Worker Fell,0,1,1010,WASHINGTON AVENUE,Bronx,2369,10,10456,40.826343,-73.909635,203,16,2023690010,18501,BX0301
4624500,43160,04/19/2024,Accident,Worker Fell,0,1,97-10,SUTPHIN BOULEVARD,Queens,10030,6,11435,40.697107,-73.805657,412,27,4100300006,208,QN1201
3058411,42655,01/05/2024,Accident,Worker Fell,0,1,240,WILLOUGHBY STREET,Brooklyn,2088,25,11201,40.691902999999996,-73.97827,302,35,3020880025,3101,BK0203
4620885,42768,01/31/2024,Accident,Worker Fell,0,1,26-32,JACKSON AVENUE,Queens,267,21,11101,40.747551,-73.94113,402,26,4002670021,1902,QN0201
3429225,42707,01/16/2024,Incident,Excavation/Soil Work,0,0,498,UNION STREET,Brooklyn,439,1,11215,40.67921,-73.987691,306,39,3004390001,11901,BK0601
1084198,43732,09/12/2024,Accident,Other Construction Related,0,1,635,WEST 165 STREET,Manhattan,2138,40,10032,40.839928,-73.94254,112,10,1021380040,251,MN1201
4623202,43014,03/25/2024,Accident,Other Construction Related,0,1,35-15,19 AVENUE,Queens,814,10,11105,40.780061,-73.901942,401,22,4008140010,10701,QN0101
2129717,43022,03/27/2024,Accident,Worker Fell,0,2,138,BRUCKNER BOULEVARD,Bronx,2260,10,10454,40.803902,-73.920534,201,08,2022600010,1902,BX0101
1044022,43316,05/31/2024,Accident,Worker Fell,0,1,1299,3 AVENUE,Manhattan,1429,4,10021,40.771378,-73.959402,108,05,1014290004,134,MN0801
1082792,43194,04/29/2024,Accident,Material Failure (Fell),0,1,335,8 AVENUE,Manhattan,751,20,10001,40.747563,-73.996849,104,03,1007510020,97,MN0401
1001416,43260,05/15/2024,Accident,Mechanical Construction Equipment,0,2,240,GREENWICH STREET,Manhattan,128,2,10007,40.714055,-74.011612,101,01,1001280002,21,MN0102
4248981,43276,05/20/2024,Incident,Excavation/Soil Work,0,0,98-24,ALBERT ROAD,Queens,11557,9,11417,40.668931,-73.837223,410,32,4115570009,88,QN1002
1044092,43513,07/16/2024,Incident,Material Failure (Fell),0,0,1345,3 AVENUE,Manhattan,1431,46,10075,40.772846,-73.958332,108,05,1014310046,134,MN0801
1001127,43547,07/23/2024,Incident,Scaffold/Shoring Installations,0,0,90,JOHN STREET,Manhattan,69,7502,10038,40.708173,-74.006464,101,01,1000697502,1502,MN0101
1091775,43395,06/18/2024,Accident,Worker Fell,0,1,64,UNIVERSITY PLACE,Manhattan,568,21,10003,40.732953,-73.993635,102,02,1005687501,61,MN0202
3429554,43186,04/27/2024,Accident,Scaffold/Shoring Installations,0,1,380,4 AVENUE,Brooklyn,980,77,11215,40.67268,-73.986791,306,39,3009800077,11901,BK0601
3032103,43792,10/01/2024,Incident,Other Construction Related,0,0,40,HAMPTON PLACE,Brooklyn,1251,66,11213,40.671546,-73.940901,308,35,3012510066,339,BK0802
1036892,42723,01/19/2024,Accident,Mechanical Construction Equipment,0,1,126,EAST 57 STREET,Manhattan,1311,60,10022,40.761118,-73.969609,105,04,1013110013,11203,MN0604
3196598,42822,02/14/2024,Accident,Worker Fell,0,1,3100,OCEAN PARKWAY,Brooklyn,7282,62,11235,40.575868,-73.968639,313,48,3072820062,35602,BK1302
1091739,43345,06/07/2024,Accident,Mechanical Construction Equipment,0,1,40,WEST 137 STREET,Manhattan,1734,2,10037,40.814603,-73.938039,110,09,1017340002,212,MN1002
1010365,42687,01/11/2024,Incident,Material Failure (Fell),0,0,533,GREENWICH STREET,Manhattan,597,37,10013,40.726821,-74.008944,102,03,1005970037,37,MN0201
3426079,43812,10/08/2024,Accident,Other Construction Related,0,1,83,GATEWAY DRIVE,Brooklyn,4452,232,11239,40.654072,-73.877782,305,42,3044520232,107001,BK0504
3107741,43631,08/14/2024,Accident,Worker Fell,0,1,329,CLARKSON AVENUE,Brooklyn,4828,21,11226,40.655503,-73.948826,309,40,3048280021,804,BK0902
3058228,42980,03/18/2024,Incident,Material Failure (Fell),0,0,111,WILLOUGHBY STREET,Brooklyn,2058,47,11201,40.69214,-73.984628,302,33,3020580047,1502,BK0202
1034250,43332,06/05/2024,Incident,Material Failure (Fell),0,0,7,WEST 45 STREET,Manhattan,1261,30,10036,40.755678,-73.980101,105,04,1012610030,96,MN0502
3429743,43478,07/05/2024,Accident,Worker Fell,0,1,335,BOND STREET,Brooklyn,445,1,11231,40.679018,-73.990179,306,39,3004450001,75,BK0601
2083468,43298,05/28/2024,Incident,Material Failure (Fell),0,0,666,KAPPOCK STREET,Bronx,5743,29,10463,40.880659,-73.919151,208,11,2057430029,29301,BX0803
3428561,43205,05/02/2024,Accident,Worker Fell,0,1,1215,FULTON STREET,Brooklyn,1842,15,11216,40.680609,-73.952845,303,36,3018420015,245,BK0301
1080458,42950,03/12/2024,Accident,Worker Fell,0,1,300,EAST 50 STREET,Manhattan,1342,51,10022,40.75472,-73.968172,106,04,1013420051,98,MN0604
1078929,43496,07/10/2024,Accident,Worker Fell,1,0,1505,PARK AVENUE,Manhattan,1637,1,10029,40.794985,-73.946371,111,08,1016370001,172,MN1101
1050357,42867,02/23/2024,Accident,Other Construction Related,0,1,1522,1 AVENUE,Manhattan,1559,50,10075,40.772632,-73.952462,108,05,1015590001,13603,MN0803
3429688,43798,10/03/2024,Incident,Mechanical Construction Equipment,0,0,498,SACKETT STREET,Brooklyn,431,12,11231,40.680445,-73.988802,306,39,3004310012,75,BK0601
2008247,42919,03/06/2024,Accident,Worker Fell,0,1,1900,JEROME AVENUE,Bronx,2853,1,10453,40.85042,-73.910369,205,14,2028530001,23301,BX0502
3061319,43752,09/17/2024,Incident,Excavation/Soil Work,0,0,157,LORIMER STREET,Brooklyn,2242,51,11206,40.703296,-73.949143,301,33,3022420051,509,BK0103
3000146,43339,06/06/2024,Accident,Other Construction Related,0,1,218,FRONT STREET,Brooklyn,55,20,11201,40.702309,-73.983698,302,33,3000550020,21,BK0202
3338398,43052,04/02/2024,Accident,Material Failure (Fell),0,1,200,MAUJER STREET,Brooklyn,3027,1,11206,40.711095,-73.941645,301,34,3030270001,49301,BK0104
1091739,43570,07/31/2024,Accident,Material Failure (Fell),0,1,40,WEST 137 STREET,Manhattan,1734,2,10037,40.814603,-73.938039,110,09,1017340002,212,MN1002
4006620,42702,01/15/2024,Accident,Worker Fell,0,1,31-41,23 STREET,Queens,568,12,11106,40.765712,-73.929359,401,22,4005680012,75,QN0103
1050357,42765,01/30/2024,Accident,Material Failure (Fell),0,1,1522,1 AVENUE,Manhattan,1559,50,10075,40.772632,-73.952462,108,05,1015590001,13603,MN0803
1041930,43182,04/25/2024,Incident,Mechanical Construction Equipment,0,0,1026,3 AVENUE,Manhattan,1395,39,10065,40.762668,-73.965786,108,04,1013950039,11402,MN0802
4623739,43088,04/08/2024,Accident,Worker Fell,0,1,2-21,MALT DRIVE,Queens,11,1,,,,,,4000110003,,
3023696,43144,04/16/2024,Incident,Mechanical Construction Equipment,0,0,270,14 STREET,Brooklyn,1042,12,11215,40.665854,-73.988173,306,39,3010420012,14101,BK0602
2018398,43837,10/15/2024,Accident,Worker Fell,0,1,3315,HULL AVENUE,Bronx,3348,71,10467,40.877114,-73.874219,207,11,2033480071,42902,BX0703
3816613,43842,10/16/2024,Accident,Worker Fell,0,1,97,GLENMORE AVENUE,Brooklyn,3692,1,11212,40.671537,-73.907191,316,37,3036920001,908,BK1602
4026246,43845,10/16/2024,Incident,Excavation/Soil Work,0,0,32-59,68 STREET,Queens,1164,64,11377,40.75477,-73.898637,403,25,4011640064,30906,QN0301
4624033,43847,10/16/2024,Accident,Other Construction Related,0,1,23-10,42 ROAD,Queens,428,19,11101,40.750555,-73.942664,402,26,4004280019,1903,QN0201
2007695,43851,10/17/2024,Accident,Scaffold/Shoring Installations,0,1,2017,GRAND CONCOURSE,Bronx,2808,90,10453,40.851716,-73.904197,205,14,2028080090,23501,BX0502
1091738,43855,10/18/2024,Accident,Worker Fell,0,1,280,EAST HOUSTON STREET,Manhattan,397,58,10002,40.721627,-73.984307,103,02,1003977503,3002,MN0303
4437366,43856,10/18/2024,Accident,Other Construction Related,0,1,48-37,48 STREET,Queens,2292,7,11377,40.738775,-73.917667,402,26,4022920007,23501,QN0202
4623202,43853,10/17/2024,Accident,Other Construction Related,0,1,35-15,19 AVENUE,Queens,814,10,11105,40.780061,-73.901942,401,22,4008140010,10701,QN0101
1007174,43858,10/18/2024,Accident,Other Construction Related,0,1,174,MOTT STREET,Manhattan,479,40,10012,40.720245,-73.995996,102,01,1004790040,41,MN0201
1091010,43850,10/17/2024,Accident,Other Construction Related,0,1,270,PARK AVENUE,Manhattan,1283,21,10017,40.755641,-73.975109,105,04,1012830021,94,MN0502
1047390,43867,10/22/2024,Accident,Worker Fell,0,1,1133,5 AVENUE,Manhattan,1506,3,10128,40.786909,-73.956478,108,05,1015060003,16001,MN0802
1034211,43977,11/19/2024,Incident,Other Construction Related,0,0,520,5 AVENUE,Manhattan,1259,35,10036,40.754421,-73.980213,105,04,1012590035,96,MN0502
1060875,43984,11/21/2024,Incident,Other Construction Related,0,0,2855,FREDERICK DOUGLAS BOULEVARD,Manhattan,2046,63,10039,40.82741,-73.938587,110,09,1020460063,23502,MN1002
1063702,43980,11/20/2024,Incident,Other Construction Related,0,0,511,WEST 181 STREET,Manhattan,2155,28,10033,40.848346,-73.931397,112,10,1021550028,269,MN1202
1023724,43943,11/11/2024,Accident,Other Construction Related,0,1,125,WEST 57 STREET,Manhattan,1010,15,10019,40.764727,-73.978142,105,06,1010100015,137,MN0502
2130685,43974,11/14/2024,Accident,Other Construction Related,0,1,221 D,MANIDA STREET,Bronx,2777,100,10474,40.805223,-73.885975,202,17,2027770100,9302,BX0201
3429247,43925,11/05/2024,Accident,Worker Fell,0,1,487,4 AVENUE,Brooklyn,1028,7,11215,40.668453,-73.990289,306,38,3010280007,139,BK0602
4620885,43921,11/04/2024,Accident,Mechanical Construction Equipment,0,1,26-32,JACKSON AVENUE,Queens,267,21,11101,40.747551,-73.94113,402,26,4002670021,1902,QN0201
1046925,43979,11/20/2024,Accident,Worker Fell,0,1,2,EAST 88 STREET,Manhattan,1499,69,10128,40.782727,-73.959236,108,04,1014990069,15002,MN0802
3428561,43920,11/04/2024,Accident,Other Construction Related,0,1,1215,FULTON STREET,Brooklyn,1842,15,11216,40.680609,-73.952845,303,36,3018420015,245,BK0301
1072007,43931,11/07/2024,Accident,Worker Fell,0,1,667,MADISON AVENUE,Manhattan,1375,49,10065,40.764613,-73.97024,108,04,1013750049,11401,MN0802
3429452,43954,11/15/2024,Accident,Mechanical Construction Equipment,0,1,564,UTICA AVENUE,Brooklyn,4603,1,11203,40.659655,-73.931238,309,41,,878,BK1703
1082732,43958,11/15/2024,Accident,Worker Fell,0,1,484,SECOND AVENUE,Manhattan,934,1,10016,40.740581,-73.978925,106,02,1009340001,66,MN0603
2130685,43987,11/21/2024,Accident,Other Construction Related,0,1,221 D,MANIDA STREET,Bronx,2777,100,10474,40.805223,-73.885975,202,17,2027770100,9302,BX0201
1033105,43967,11/18/2024,Accident,Material Failure (Fell),0,1,215,WEST 84 STREET,Manhattan,1232,14,10024,40.786643,-73.976607,107,06,1012320014,171,MN0702
1080352,43945,11/11/2024,Accident,Worker Fell,0,1,450,11 AVENUE,Manhattan,708,65,10018,40.757406,-74.000787,104,03,1007080065,9903,MN0401
2017590,43969,11/18/2024,Accident,Other Construction Related,0,1,2880,JEROME AVENUE,Bronx,3319,46,10468,40.87181,-73.89161,207,14,2033190046,40701,BX0702
3061068,43947,11/12/2024,Accident,Worker Fell,0,1,316,RUTLEDGE STREET,Brooklyn,2228,16,11211,40.705427,-73.951825,301,33,3022280016,529,BK0103
1085694,43965,11/18/2024,Accident,Worker Fell,0,1,540,1 AVENUE,Manhattan,962,108,10016,40.742066,-73.974757,106,04,1009620108,62,MN0603
3842240,43930,11/05/2024,Accident,Other Construction Related,0,1,15,HUDSON AVENUE,Brooklyn,6,1,11201,40.704645,-73.980975,302,33,,21,BK0202
1080458,43983,11/21/2024,Accident,Worker Fell,0,1,300,EAST 50 STREET,Manhattan,1342,51,10022,40.75472,-73.968172,106,04,1013420051,98,MN0604
3058599,43926,11/05/2024,Accident,Worker Fell,0,1,19,ROCKWELL PLACE,Brooklyn,2095,10,11217,40.689285,-73.979418,302,35,3020950010,33,BK0203
3061068,43957,11/15/2024,Accident,Worker Fell,0,1,316,RUTLEDGE STREET,Brooklyn,2228,16,11211,40.705427,-73.951825,301,33,3022280016,529,BK0103
1091791,43998,11/25/2024,Incident,Mechanical Construction Equipment,0,0,205,EAST 110 STREET,Manhattan,1660,1,10029,40.793971,-73.942403,111,08,1016607503,180,MN1102
1015733,44007,11/27/2024,Incident,Material Failure (Fell),0,1,262,5 AVENUE,Manhattan,830,44,10001,40.745081,-73.987019,105,03,1008300044,76,MN0501
